Артикул;ID KIT;Найден у поставщика;Москва;Владивосток;Фото;Характеристики
00178262;408821;нет;0;0;1;0
12345;399102;нет;0;0;1;0
11450024;304777;да;0;1;1;4
00006148;304776;нет;0;0;1;0
00006149;304775;да;0;5;1;13
00006150;304774;да;21;0;1;13
00006151;304773;да;0;4;1;12
00006152;304772;да;5;5;1;12
00006153;304771;да;3;2;1;12
00006162;304770;да;0;1;1;12
00006163;304769;да;8;10;1;12
00006164;304768;да;8;6;1;12
00006165;304767;да;1;2;1;12
00006166;304766;да;2;8;1;12
00006168;304765;да;5;6;1;12
00006169;304764;да;0;9;1;12
00006170;304763;да;3;3;1;12
00006172;304762;да;0;1;1;12
00006173;304761;да;0;14;1;12
00006174;304760;нет;0;0;1;0
00006175;304759;да;12;7;1;12
00006178;304758;да;6;6;1;12
00006179;304757;да;2;4;1;12
00006180;304756;да;9;5;1;12
00006552;304755;да;6;6;1;12
00143243;304754;нет;0;0;1;0
00160950;304753;да;9;3;1;6
00180923;304752;да;26;2;1;11
00182818;304751;нет;0;0;1;0
00184758;304750;да;4;3;1;8
00187114;304749;нет;0;0;1;0
00187115;304748;нет;0;0;1;0
00188401;304747;да;8;6;1;11
00198096;304746;да;0;3;1;7
00198097;304745;да;0;10;1;9
00198099;304744;да;0;9;1;6
00006283;304743;да;454;222;1;15
00151272;304742;да;15;15;1;7
00151274;304741;да;43;43;1;7
00151276;304740;да;162;139;1;8
00161823;304739;нет;0;0;1;0
11252386;304738;да;20;20;1;7
11252387;304737;да;20;20;1;10
11252388;304736;да;18;18;1;8
11252389;304735;да;15;23;1;8
00178423;304734;нет;0;0;1;0
00178432;304733;да;5;9;1;6
11408895;304732;да;18;183;1;9
00183949;304731;да;26;9;1;7
00183950;304730;да;18;18;1;6
00183951;304729;да;20;10;1;6
00193306;304728;да;9;5;1;7
00193307;304727;да;21;26;1;7
00193310;304726;да;1;7;1;7
00193313;304725;да;10;16;1;6
00193323;304724;да;8;4;1;7
00195576;304723;да;0;1;1;6
00195752;304722;да;118;127;1;8
00195999;304721;да;4;5;1;7
00196000;304720;да;9;8;1;7
00196001;304719;да;18;16;1;7
00196002;304718;да;11;6;1;7
00196003;304717;да;8;5;1;7
00199936;304716;да;28;20;1;11
00199937;304715;да;26;20;1;10
00199938;304714;да;10;10;1;9
00199940;304713;нет;0;0;1;0
00199942;304712;да;7;0;1;9
00199944;304711;да;1;2;1;9
00199946;304710;да;5;12;1;8
00199947;304709;да;7;5;1;9
00199948;304708;да;5;7;1;9
00199949;304707;да;2;7;1;9
00199950;304706;да;3;5;1;8
00176235;304705;нет;0;0;1;0
00176237;304704;да;7;3;1;15
00180460;304703;да;2;0;1;13
00182304;304702;нет;0;0;1;0
00182308;304701;нет;0;0;1;0
00184750;304700;да;1;0;1;19
00184752;304699;нет;0;0;1;0
00192407;304698;да;1;0;1;19
00192408;304697;нет;0;0;1;0
00193383;304696;да;1;0;1;19
00195084;304695;да;2;2;1;15
00195088;304694;да;12;4;1;15
00188389;304693;да;1;1;1;19
00188391;304692;да;3;3;1;20
00188392;304691;да;4;5;1;20
00188393;304690;да;1;2;1;18
00188394;304689;да;2;0;1;19
00188614;304688;да;2;3;1;16
11539335;304687;да;2;1;1;15
00196566;304686;нет;0;0;1;0
00196567;304685;да;1;1;1;11
00197723;304684;да;2;5;1;11
00101969;304683;да;4;0;1;14
00198763;304682;да;16;18;1;5
00183333;304681;нет;0;0;1;0
00195818;304680;нет;0;0;1;0
00195819;304679;да;0;12;1;9
00195820;304678;нет;0;0;1;0
00196899;304677;да;68;47;1;7
00200043;304676;да;0;20;1;8
00200059;304675;да;15;12;1;6
00200060;304674;да;9;3;1;8
00055788;304673;да;55;22;1;15
00025183;304672;да;0;4;1;8
00025185;304671;да;0;2;1;12
00087785;304670;да;7;13;1;14
00144322;304669;нет;0;0;1;0
00152558;304668;да;4;5;1;10
00178233;304667;нет;0;0;1;0
00178319;304666;да;6;0;1;9
00186157;304665;да;6;0;1;8
00191841;304664;да;6;4;1;12
00193301;304663;да;2;5;1;6
00193772;304662;да;0;5;1;9
00196089;304661;да;49;32;1;10
00196560;304660;да;20;21;1;7
00196563;304659;да;55;35;1;7
00196891;304658;да;10;2;1;7
00196892;304657;да;1;0;1;8
00196893;304656;да;6;0;1;8
00198947;304655;да;30;35;1;12
00198962;304654;да;18;18;1;11
00199951;304653;да;9;10;1;9
00199952;304652;да;2;0;1;9
00199954;304651;да;0;11;1;9
00200122;304650;да;6;1;1;7
00200124;304649;да;2;0;1;7
00200125;304648;да;2;4;1;6
00200305;304647;да;10;6;1;10
00096381;304646;да;0;70;1;13
00073903;304645;да;7;22;1;25
00080549;304644;да;4;21;1;25
00087125;304643;нет;0;0;1;0
00093893;304642;да;0;5;1;26
00093894;304641;да;1;2;1;26
00138240;304640;да;4;2;1;25
00138241;304639;да;6;2;1;23
00100535;304638;да;41;0;1;26
00100712;304637;да;7;9;1;23
00101068;304636;да;50;0;1;24
00101927;304635;да;17;12;1;24
11286753;304634;нет;0;0;1;0
11286755;304633;нет;0;0;1;0
11286756;304632;да;11;5;1;25
11286757;304631;да;38;37;1;25
11286758;304630;да;45;6;1;25
11286759;304629;да;39;13;1;24
11286760;304628;да;12;5;1;23
11286761;304627;да;11;9;1;22
11286762;304626;да;7;2;1;23
11286763;304625;да;11;15;1;23
11286764;304624;да;50;0;1;23
11286767;304623;да;6;3;1;22
00175130;304622;да;5;13;1;24
00175136;304621;да;1;0;1;22
00175137;304620;нет;0;0;1;0
00175148;304619;да;0;1;1;22
00175159;304618;да;8;9;1;22
00175165;304617;нет;0;0;1;0
00175170;304616;да;2;0;1;21
00175171;304615;да;0;7;1;22
00175172;304614;нет;0;0;1;0
00175217;304613;да;1;1;1;23
00179769;304612;да;2;0;1;22
00181763;304611;нет;0;0;1;0
11614835;304610;да;11;1;1;25
11614836;304609;да;2;0;1;25
11614837;304608;да;3;3;1;25
11614838;304607;да;3;0;1;25
11614839;304606;да;2;0;1;25
11614840;304605;нет;0;0;1;0
11614842;304604;нет;0;0;1;0
11614843;304603;да;4;6;1;26
11614844;304602;нет;0;0;1;0
11614876;304601;нет;0;0;1;0
11614877;304600;да;6;0;1;27
11614879;304599;нет;0;0;1;0
11614880;304598;нет;0;0;1;0
11614889;304597;нет;0;0;1;0
11614890;304596;нет;0;0;1;0
00199623;304595;да;4;16;1;24
00199625;304594;да;4;17;1;23
00080514;304593;да;3;1;1;25
00087083;304592;да;3;0;1;25
00163119;304591;нет;0;0;1;0
00165607;304590;нет;0;0;1;0
00096363;304589;да;0;1;1;22
00097597;304588;да;9;0;1;24
00097776;304587;да;54;0;1;25
00098024;304586;нет;0;0;1;0
00099397;304585;да;12;0;1;24
00099495;304584;да;0;51;1;23
00099759;304583;да;21;0;1;23
00099992;304582;нет;0;0;1;0
11286680;304581;да;0;2;1;20
11286684;304580;да;6;5;1;21
11286685;304579;да;9;8;1;22
11286687;304578;да;5;8;1;22
11286688;304577;да;8;6;1;22
11286689;304576;нет;0;0;1;0
11286691;304575;нет;0;0;1;0
11286692;304574;да;2;3;1;21
11286694;304573;да;0;14;1;22
11286696;304572;да;4;0;1;23
11286697;304571;да;3;0;1;22
11286698;304570;да;20;14;1;24
11286699;304569;да;6;7;1;22
11286700;304568;нет;0;0;1;0
11286701;304567;да;66;42;1;22
11286702;304566;нет;0;0;1;0
11286703;304565;да;1;0;1;20
11286705;304564;да;1;0;1;21
11286707;304563;да;3;2;1;23
11286708;304562;нет;0;0;1;0
11286710;304561;да;0;4;1;21
11286711;304560;да;5;4;1;22
11286713;304559;да;0;6;1;24
00175039;304558;нет;0;0;1;0
00175127;304557;нет;0;0;1;0
00175140;304556;нет;0;0;1;0
00175195;304555;нет;0;0;1;0
00175207;304554;да;12;15;1;22
00175225;304553;нет;0;0;1;0
00175227;304552;да;25;2;1;22
00181740;304551;нет;0;0;1;0
00181754;304550;нет;0;0;1;0
00181773;304549;нет;0;0;1;0
00188472;304548;нет;0;0;1;0
11561980;304547;да;0;1;1;19
11614855;304546;да;5;3;1;25
11614856;304545;нет;0;0;1;0
11614857;304544;нет;0;0;1;0
11614858;304543;нет;0;0;1;0
11614859;304542;нет;0;0;1;0
11614860;304541;да;3;0;1;25
11614861;304540;да;8;2;1;25
11614862;304539;да;8;2;1;25
11614863;304538;нет;0;0;1;0
11614864;304537;нет;0;0;1;0
11614865;304536;да;1;0;1;24
11614866;304535;да;1;6;1;24
11614867;304534;нет;0;0;1;0
11614868;304533;нет;0;0;1;0
11614869;304532;нет;0;0;1;0
11614870;304531;нет;0;0;1;0
11614871;304530;нет;0;0;1;0
11614872;304529;да;11;0;1;25
11614873;304528;нет;0;0;1;0
00199628;304527;да;2;0;1;23
00202012;304526;нет;0;0;0;0
00103017;304525;да;0;3;1;20
11286814;304524;нет;0;0;1;0
11286818;304523;нет;0;0;1;0
00179744;304522;нет;0;0;1;0
00179746;304521;да;1;0;1;20
00179750;304520;нет;0;0;1;0
00179763;304519;да;2;0;1;20
00179764;304518;да;4;4;1;20
00179797;304517;нет;0;0;1;0
00179798;304516;да;2;3;1;20
00181721;304515;да;2;9;1;20
00103610;304514;да;4;1;1;22
00103973;304513;нет;0;0;1;0
11286783;304512;нет;0;0;1;0
11286784;304511;да;35;15;1;24
11286785;304510;да;5;9;1;24
11286786;304509;да;11;13;1;24
11286788;304508;да;8;17;1;21
11286789;304507;да;18;15;1;24
11286833;304506;да;4;1;1;22
11286834;304505;нет;0;0;1;0
11286835;304504;да;4;7;1;24
11286836;304503;да;3;8;1;23
11286837;304502;да;1;0;1;21
11286838;304501;нет;0;0;1;0
11286839;304500;да;0;2;1;23
00175043;304499;да;1;0;1;22
00175146;304498;да;3;0;1;22
00175152;304497;нет;0;0;1;0
00175175;304496;да;3;2;1;22
00175186;304495;да;0;9;1;22
00175188;304494;да;15;9;1;22
00175191;304493;да;0;3;1;22
00175194;304492;да;13;18;1;22
00175197;304491;да;0;1;1;22
00175198;304490;да;2;0;1;22
00175202;304489;да;8;10;1;22
00175220;304488;да;0;5;1;22
00179749;304487;нет;0;0;1;0
11614845;304486;нет;0;0;1;0
11614846;304485;нет;0;0;1;0
11614847;304484;нет;0;0;1;0
11614848;304483;нет;0;0;1;0
11614849;304482;нет;0;0;1;0
11614850;304481;нет;0;0;1;0
11614851;304480;нет;0;0;1;0
11614852;304479;да;2;1;1;25
11614853;304478;нет;0;0;1;0
00087087;304477;да;2;2;1;28
00087089;304476;да;0;2;1;27
00087093;304475;да;0;4;1;26
00093854;304474;да;4;4;1;24
00110250;304473;да;0;5;1;28
00124577;304472;да;4;6;1;24
11286796;304471;да;0;2;1;21
00175129;304470;да;2;0;1;20
00175134;304469;нет;0;0;1;0
00175139;304468;да;0;3;1;20
00175141;304467;да;2;3;1;20
00175142;304466;нет;0;0;1;0
00175212;304465;нет;0;0;1;0
00199627;304464;да;5;0;1;23
00199629;304463;да;10;4;1;22
00199630;304462;да;4;4;1;22
00199631;304461;да;1;3;1;22
00073412;304460;да;1;0;1;12
00026437;304459;да;1;2;1;12
00199387;304458;да;4;3;1;13
00199388;304457;да;5;3;1;13
00199389;304456;да;1;0;1;13
00199390;304455;нет;0;0;1;0
00199391;304454;да;1;2;1;13
00199392;304453;да;2;2;1;13
00022169;304452;да;1;0;1;25
00120633;304451;нет;0;0;1;0
00066343;304450;да;5;3;1;23
00089813;304449;да;3;2;1;24
00089814;304448;нет;0;0;1;0
00182882;304447;да;6;4;1;5
00182883;304446;да;9;7;1;22
00182884;304445;да;13;3;1;23
00182885;304444;да;10;2;1;23
00182886;304443;да;22;6;1;23
11542424;304442;нет;0;0;1;0
11542426;304441;да;1;1;1;17
11542427;304440;да;5;0;1;16
00194099;304439;да;3;0;1;19
00196294;304438;нет;0;0;1;0
00127880;304437;да;18;13;1;5
00141771;304436;да;2;1;1;9
00141773;304435;да;2;3;1;9
00141774;304434;да;14;7;1;9
00142126;304433;да;1;1;1;6
00149621;304432;да;3;1;1;6
00195337;304431;да;2;1;1;3
00056264;304430;да;32;41;1;15
00072658;304429;да;27;21;1;14
00072662;304428;да;4;4;1;15
00026306;304427;нет;0;0;1;0
00026307;304426;да;1;0;1;15
00080001;304425;да;48;32;1;12
00110491;304424;да;19;5;1;14
00110495;304423;да;17;16;1;14
00110502;304422;да;11;10;1;15
00110503;304421;да;7;3;1;15
00110504;304420;да;8;5;1;15
00110509;304419;да;1;0;1;13
00120191;304418;да;4;2;1;13
00120192;304417;да;29;32;1;12
00139908;304416;да;1;3;1;7
00148123;304415;нет;0;0;1;0
00169562;304414;нет;0;0;1;0
00173436;304413;да;33;31;1;12
00173437;304412;да;0;6;1;12
00173440;304411;да;6;3;1;11
00173457;304410;да;2;0;1;12
00173459;304409;нет;0;0;1;0
00173460;304408;да;9;1;1;11
00175896;304407;да;4;5;1;11
00177143;304406;да;3;0;1;6
00178268;304405;нет;0;0;1;0
00178269;304404;да;5;1;1;11
00178271;304403;нет;0;0;1;0
00178276;304402;да;9;0;1;11
00178278;304401;да;2;0;1;12
00178280;304400;да;8;2;1;11
00178281;304399;да;9;10;1;11
00178347;304398;да;4;8;1;12
00178348;304397;да;26;40;1;12
00178349;304396;да;1;3;1;12
00178350;304395;да;7;10;1;12
00178351;304394;да;11;2;1;11
00178352;304393;да;39;15;1;11
00178353;304392;да;70;75;1;11
00179221;304391;да;1;2;1;5
00179222;304390;нет;0;0;1;0
00180773;304389;нет;0;0;1;0
00182573;304388;нет;0;0;1;0
00182904;304387;да;8;8;1;7
00183284;304386;да;1;0;1;12
00183291;304385;нет;0;0;1;0
00183293;304384;да;1;0;1;12
00185920;304383;да;10;0;1;6
00192242;304382;нет;0;0;1;0
00193104;304381;да;0;10;1;12
00195271;304380;да;2;1;1;5
00198008;304379;нет;0;0;1;0
00157375;304378;нет;0;0;1;0
00161551;304377;нет;0;0;1;0
00171715;304376;да;1;0;1;18
00183401;304375;да;0;5;1;11
00183402;304374;да;29;12;1;11
00183403;304373;да;0;40;1;11
00183404;304372;да;13;11;1;11
00183405;304371;да;29;20;1;11
00183406;304370;да;11;11;1;11
00183407;304369;да;9;14;1;11
00183408;304368;да;10;8;1;11
00183409;304367;да;2;19;1;11
00183410;304366;да;9;9;1;11
00183411;304365;да;6;5;1;11
00183412;304364;да;5;12;1;11
00183413;304363;да;3;8;1;11
00183414;304362;да;11;10;1;11
00183415;304361;да;1;8;1;11
00183416;304360;да;0;3;1;11
00183417;304359;да;5;10;1;11
00183418;304358;да;3;14;1;11
00183419;304357;да;9;18;1;11
00183420;304356;да;13;11;1;11
00188002;304355;да;5;0;1;12
00188003;304354;да;8;0;1;12
00188004;304353;да;1;0;1;12
00188005;304352;да;0;3;1;11
00188203;304351;да;0;1;1;11
00188207;304350;да;7;7;1;11
00190370;304349;да;0;6;1;11
00003663;304348;да;3;2;1;16
00003664;304347;да;3;0;1;15
00002283;304346;да;8;0;1;15
00004406;304345;да;0;53;1;20
27877;304344;да;122;92;1;21
00047555;304343;да;1;0;1;18
00061681;304342;нет;0;0;1;0
00073886;304341;да;0;140;1;21
00023748;304340;нет;0;0;1;0
00081968;304339;нет;0;0;1;0
00087693;304338;да;2;0;1;23
00087702;304337;да;6;0;1;23
00087703;304336;да;5;7;1;23
00087729;304335;нет;0;0;1;0
00120291;304334;да;4;0;1;23
00120434;304333;да;3;17;1;19
00159727;304332;да;15;37;1;21
00175859;304331;да;26;7;1;18
00175860;304330;нет;0;0;1;0
00175861;304329;да;0;1;1;17
00182114;304328;да;12;1;1;19
00187680;304327;да;8;4;1;18
00196006;304326;да;0;5;1;22
00196009;304325;нет;0;0;1;0
00199999;304324;нет;0;0;1;0
00200000;304323;нет;0;0;1;0
00016490;304322;да;0;10;1;8
00018175;304321;да;121;179;1;9
00018185;304320;да;113;105;1;10
00041460;304319;да;81;179;1;10
00090108;304318;да;60;38;1;10
00110723;304317;да;230;200;1;11
00110747;304316;да;7;0;1;10
00110751;304315;нет;0;0;1;0
00156746;304314;да;5;5;1;8
00201168;304313;нет;0;0;1;0
00201170;304312;нет;0;0;1;0
00201172;304311;нет;0;0;1;0
00201173;304310;нет;0;0;1;0
00201176;304309;нет;0;0;1;0
00201180;304308;нет;0;0;1;0
00201181;304307;нет;0;0;1;0
00000045;304306;нет;0;0;1;0
00002760;304305;нет;0;0;1;0
27108;304304;да;101;0;1;8
27879;304303;да;92;93;1;12
29538;304302;да;76;0;1;11
00026340;304301;да;13;0;1;8
00099987;304300;да;5;0;1;9
00110754;304299;нет;0;0;1;0
00125428;304298;нет;0;0;1;0
00135190;304297;да;99;294;1;9
00138461;304296;да;295;226;1;10
00158734;304295;да;17;30;1;9
00158736;304294;да;0;48;1;9
00160093;304293;да;148;97;1;9
00160952;304292;да;2;1;1;9
00176415;304291;да;8;0;1;8
00176419;304290;да;17;0;1;8
00176420;304289;да;102;0;1;6
00176961;304288;да;4;0;1;8
00179529;304287;да;23;0;1;8
00181565;304286;да;16;25;1;9
00181567;304285;да;4;0;1;8
00182739;304284;нет;0;0;1;0
00185148;304283;нет;0;0;1;0
00190807;304282;да;0;9;1;6
11535239;304281;да;2;3;1;9
11537239;304280;нет;0;0;1;0
11537324;304279;нет;0;0;1;0
00192594;304278;да;15;0;1;7
00193263;304277;нет;0;0;1;0
00196636;304276;нет;0;0;1;0
00196639;304275;нет;0;0;1;0
00197212;304274;да;43;0;1;5
00116232;304273;нет;0;0;1;0
00116233;304272;да;2;2;1;20
00116240;304271;да;0;1;1;19
00116242;304270;да;2;0;1;19
00116248;304269;да;2;1;1;20
00116249;304268;да;1;3;1;20
00176297;304267;нет;0;0;1;0
00185518;304266;да;1;0;1;8
00185519;304265;да;1;0;1;8
00185520;304264;да;2;0;1;8
00185521;304263;да;2;0;1;8
11022905;304262;нет;0;0;1;0
11083391;304261;да;0;1;0;0
00178202;304260;да;0;8;1;11
00187282;304259;да;2;0;1;5
00197314;304258;да;1;1;1;19
00197315;304257;да;22;26;1;17
00178204;304256;да;14;1;1;15
00182365;304255;да;3;0;1;15
00189555;304254;да;18;9;1;15
11550343;304253;да;5;2;1;15
00197837;304252;да;9;0;1;21
00197838;304251;да;143;72;1;14
00197841;304250;да;6;0;1;17
00197842;304249;да;26;21;1;16
00197897;304248;да;8;10;1;13
00200937;304247;да;8;9;1;16
00200938;304246;да;12;13;1;15
29520;304245;да;30;13;1;21
00030303;304244;да;7;16;1;18
00017393;304243;нет;0;0;1;0
00017406;304242;нет;0;0;1;0
00017408;304241;нет;0;0;1;0
00110724;304240;нет;0;0;1;0
00110726;304239;да;15;2;1;21
00110727;304238;да;24;5;1;21
00117712;304237;нет;0;0;1;0
00117721;304236;нет;0;0;1;0
00117722;304235;да;3;3;1;22
00117724;304234;да;1;2;1;23
00117728;304233;нет;0;0;1;0
00117729;304232;нет;0;0;1;0
00178302;304231;нет;0;0;1;0
00178303;304230;да;40;90;1;18
00178305;304229;да;21;2;1;15
00178306;304228;да;24;10;1;17
00178307;304227;да;6;2;1;14
00178308;304226;да;23;2;1;17
00178309;304225;да;10;0;1;17
00182115;304224;да;45;35;1;16
00182116;304223;нет;0;0;1;0
00182117;304222;да;10;15;1;16
00182118;304221;да;10;15;1;15
00182380;304220;да;7;4;1;17
00182381;304219;да;10;4;1;17
00182383;304218;да;1;0;1;17
00182384;304217;да;9;4;1;19
00182385;304216;да;3;0;1;20
00182386;304215;да;16;2;1;20
00182387;304214;да;6;4;1;18
00182391;304213;нет;0;0;1;0
00182393;304212;да;15;1;1;18
00189890;304211;нет;0;0;1;0
00198406;304210;да;4;0;1;12
00198407;304209;да;0;2;1;9
00198409;304208;да;13;0;1;13
00200573;304207;да;17;9;1;16
00200574;304206;да;15;9;1;17
00200575;304205;да;15;8;1;18
00200576;304204;да;18;9;1;18
00002410;304203;да;73;54;1;20
00120430;304202;да;2;0;1;23
00176257;304201;да;1;1;1;16
00177130;304200;да;11;6;1;16
00178238;304199;да;1;0;1;27
00178325;304198;нет;0;0;1;0
00178327;304197;да;1;1;1;17
00178329;304196;да;1;1;1;18
00193687;304195;нет;0;0;1;0
00195726;304194;да;5;2;1;17
00195727;304193;да;2;0;1;15
00195728;304192;нет;0;0;1;0
00195729;304191;нет;0;0;1;0
00195730;304190;нет;0;0;1;0
00196255;304189;да;2;0;1;15
00196256;304188;да;2;2;1;15
00196257;304187;да;1;2;1;15
00196258;304186;да;5;3;1;15
00197047;304185;да;4;3;1;21
00197048;304184;да;4;4;1;21
00197664;304183;да;5;2;1;17
00197666;304182;нет;0;0;1;0
00201777;304181;да;6;2;1;21
00003737;304180;да;34;27;1;13
00002395;304179;да;3;0;1;14
00002416;304178;да;77;51;1;15
00006547;304177;да;43;35;1;13
00117141;304176;да;40;42;1;11
00117859;304175;да;136;146;1;10
00117860;304174;да;68;12;1;10
00175865;304173;да;33;17;1;10
00177134;304172;да;5;3;1;14
00177135;304171;да;0;8;1;12
00178360;304170;нет;0;0;1;0
00178361;304169;нет;0;0;1;0
00178362;304168;да;19;7;1;13
00180916;304167;да;9;4;1;18
00180917;304166;нет;0;0;1;0
00181399;304165;да;1;1;1;15
00181401;304164;да;8;0;1;16
00183657;304163;да;556;124;1;9
00183660;304162;да;15;0;1;12
00183661;304161;да;34;16;1;10
00183662;304160;да;1;1;1;8
00197171;304159;нет;0;0;1;0
00198375;304158;да;93;43;1;5
00055597;304157;да;18;0;1;12
00091772;304156;да;19;8;1;17
00091778;304155;да;4;0;1;16
00091799;304154;да;41;31;1;16
00091819;304153;нет;0;0;1;0
00091846;304152;да;17;43;1;13
00091848;304151;да;35;18;1;15
00100926;304150;да;2;0;1;17
00100930;304149;да;0;1;1;15
00100954;304148;да;8;0;1;16
00129303;304147;да;4;0;1;12
00150267;304146;да;24;0;1;12
00150268;304145;да;63;69;1;14
00160522;304144;да;10;0;1;7
00160523;304143;да;47;4;1;8
00166723;304142;да;13;0;1;11
00177041;304141;да;2;1;1;5
00177043;304140;нет;0;0;1;0
00178312;304139;нет;0;0;1;0
00178314;304138;да;19;15;1;13
00178315;304137;да;19;11;1;15
00178316;304136;да;20;34;1;14
00178317;304135;да;13;14;1;14
00178334;304134;да;7;10;1;12
00178335;304133;да;10;10;1;12
00178341;304132;да;0;10;1;12
00178342;304131;да;10;1;1;10
00178343;304130;да;28;12;1;11
00182816;304129;да;22;3;1;6
00182824;304128;да;1;0;1;9
00185710;304127;да;7;3;1;14
00185712;304126;да;0;3;1;13
00185715;304125;нет;0;0;1;0
00197873;304124;да;3;10;1;11
00197891;304123;нет;0;0;1;0
00198666;304122;да;12;13;1;6
00006238;304121;да;20;0;1;10
00006239;304120;нет;0;0;1;0
00199685;304119;да;24;10;1;6
25246;304118;нет;0;0;1;0
25250;304117;нет;0;0;1;0
00066109;304116;нет;0;0;1;0
00066113;304115;да;2;0;1;6
00066115;304114;да;2;1;1;6
00066121;304113;нет;0;0;1;0
00066127;304112;нет;0;0;1;0
00117554;304111;да;12;3;1;4
00005179;304110;нет;0;0;1;0
00127848;304109;да;2;0;1;11
00073469;304108;да;19;31;1;7
00002196;304107;да;0;60;1;19
00055786;304106;да;60;0;1;19
00102766;304105;нет;0;0;1;0
00102768;304104;да;1;0;1;18
00102769;304103;да;4;0;1;18
00102770;304102;да;4;0;1;18
00102776;304101;нет;0;0;1;0
00102777;304100;нет;0;0;1;0
00102783;304099;да;5;2;1;18
00102784;304098;да;4;0;1;18
00102786;304097;да;2;0;1;18
00102793;304096;нет;0;0;1;0
00102800;304095;да;4;1;1;17
00102801;304094;да;8;0;1;17
00102808;304093;нет;0;0;1;0
00102829;304092;да;0;1;1;17
00102852;304091;нет;0;0;1;0
00102854;304090;да;2;0;1;17
00102874;304089;да;1;0;1;17
00090527;304088;нет;0;0;1;0
00090750;304087;да;1;1;1;18
00090752;304086;да;2;0;1;18
00102883;304085;да;1;0;1;19
00102885;304084;да;2;0;1;19
00102888;304083;да;4;2;1;19
00130487;304082;да;0;60;1;17
00130488;304081;да;5;1;1;17
00151365;304080;да;2;0;1;17
00153677;304079;да;20;3;1;17
00161778;304078;да;2;0;1;16
00161780;304077;да;3;0;1;17
00161783;304076;да;0;1;1;17
00175479;304075;нет;0;0;1;0
00175482;304074;нет;0;0;1;0
00175484;304073;нет;0;0;1;0
00176670;304072;да;4;1;1;16
00176671;304071;да;5;0;1;16
00184220;304070;да;42;0;1;18
00184222;304069;да;14;0;1;17
00184223;304068;нет;0;0;1;0
00184226;304067;да;3;0;1;17
00184227;304066;да;9;0;1;18
00184228;304065;да;1;0;1;18
00184229;304064;да;3;0;1;18
00184231;304063;да;1;0;1;18
00184232;304062;нет;0;0;1;0
00193733;304061;да;34;16;1;15
00193735;304060;да;0;14;1;15
00193736;304059;да;0;15;1;15
00193737;304058;да;0;23;1;15
00193739;304057;да;0;8;1;15
00193743;304056;да;2;6;1;15
00193745;304055;нет;0;0;1;0
00199739;304054;нет;0;0;1;0
00056461;304053;нет;0;0;1;0
00117160;304052;да;6;13;1;15
00182978;304051;да;1;1;1;6
00191840;304050;нет;0;0;1;0
11550272;304049;да;1;1;1;6
00193320;304048;да;1;0;1;7
00173997;304047;да;1;2;1;11
00191839;304046;да;13;0;1;10
00195878;304045;да;6;1;1;8
11660912;304044;нет;0;0;1;0
28079;304043;да;40;100;1;11
00018116;304042;да;158;508;1;12
11378889;304041;да;66;0;1;9
00182741;304040;да;147;110;1;8
00193765;304039;да;142;91;1;5
00195826;304038;да;11;7;1;6
00196895;304037;да;15;6;1;5
00142053;304036;да;6;10;1;7
00196782;304035;да;1;1;1;6
00196788;304034;нет;0;0;1;0
00196789;304033;да;3;2;1;6
00196790;304032;да;1;1;1;3
00196791;304031;да;2;2;1;3
00196804;304030;да;4;0;1;6
00152452;304029;нет;0;0;1;0
00165469;304028;нет;0;0;1;0
00184890;304027;да;1;0;1;7
00184891;304026;нет;0;0;1;0
00184892;304025;да;0;1;1;7
00193771;304024;да;0;3;1;11
00194171;304023;да;0;2;1;8
00196784;304022;да;8;1;1;9
00196787;304021;да;0;1;1;8
00157838;304020;да;0;1;1;20
00157844;304019;да;2;0;1;22
00007788;304018;да;6;4;1;7
11029538;304017;да;0;5;1;7
00157902;304016;да;3;0;1;8
00157904;304015;да;1;0;1;7
00157905;304014;да;1;0;1;7
00157907;304013;нет;0;0;1;0
00157908;304012;нет;0;0;1;0
00157910;304011;да;2;4;1;7
00157911;304010;да;4;5;1;7
00160713;304009;нет;0;0;1;0
00162078;304008;да;1;0;1;8
00163116;304007;да;1;1;1;7
00163117;304006;да;1;1;1;7
11326745;304005;да;1;1;1;6
00175262;304004;нет;0;0;1;0
00175264;304003;да;1;0;1;5
00175265;304002;нет;0;0;1;0
00175268;304001;нет;0;0;1;0
00175269;304000;нет;0;0;1;0
00175272;303999;да;4;0;1;5
00175277;303998;нет;0;0;1;0
00175278;303997;да;1;0;1;5
00175281;303996;да;1;0;1;5
11402059;303995;да;0;3;1;6
11452117;303994;да;1;1;1;4
11614883;303993;да;21;0;1;6
11614884;303992;да;5;0;1;9
00062069;303991;нет;0;0;1;0
00062070;303990;да;4;0;1;16
00062107;303989;да;1;0;1;16
00074702;303988;нет;0;0;1;0
26297;303987;да;98;249;1;16
26298;303986;да;78;105;1;16
00018187;303985;да;454;282;1;16
00051175;303984;да;379;345;1;16
00051276;303983;да;18;174;1;16
00132994;303982;да;116;174;1;15
00004405;303981;да;40;43;1;15
00056423;303980;да;8;72;1;15
00170625;303979;нет;0;0;1;0
00174145;303978;нет;0;0;1;0
00191003;303977;да;16;11;1;13
00184797;303976;да;8;4;1;10
00184803;303975;да;99;50;1;10
00004471;303974;нет;0;0;1;0
00052633;303973;нет;0;0;1;0
00098162;303972;да;0;1;1;21
11108554;303971;да;0;76;1;22
11161143;303970;да;10;51;1;22
00188222;303969;нет;0;0;1;0
00190858;303968;да;0;100;1;21
00000314;303967;да;1;0;1;10
00003910;303966;да;5;19;1;14
00005881;303965;да;2;16;1;13
00073214;303964;нет;0;0;1;0
00073203;303962;да;0;1;1;12
00159130;303961;нет;0;0;1;0
00159132;303960;да;0;1;1;11
00192854;303959;да;0;1;1;9
11595185;303958;нет;0;0;1;0
00156887;303957;да;2;5;1;15
00156888;303956;да;1;1;1;15
00156889;303955;да;4;1;1;12
11595440;303954;да;2;1;1;10
00007370;303953;да;1;3;1;9
00009170;303952;да;0;1;1;7
29821;303951;нет;0;0;1;0
00048357;303950;да;0;1;1;8
00063176;303949;да;2;0;1;9
11070900;303948;да;40;139;1;8
00157191;303947;да;32;58;1;7
00157192;303946;да;10;8;1;10
00162070;303945;да;8;25;1;6
11225029;303944;да;4;5;1;8
00086263;303943;да;0;4;1;8
00145577;303942;да;1;0;1;13
00146216;303941;да;1;3;1;10
00156443;303940;да;7;2;1;9
00183144;303939;да;31;2;1;9
00183147;303938;да;60;20;1;9
00183148;303937;да;4;0;1;8
00156439;303936;да;0;2;1;10
00164177;303935;да;6;3;1;8
00164178;303934;да;2;3;1;9
26038;303933;да;0;1;1;11
00183078;303932;да;12;10;1;8
00183081;303931;да;0;3;1;8
00183082;303930;да;9;3;1;8
00183083;303929;да;7;2;1;8
00183084;303928;да;21;17;1;8
00183085;303927;да;8;8;1;8
00183090;303926;да;6;3;1;8
00183091;303925;да;8;3;1;8
00183073;303924;да;29;0;1;7
00183113;303923;да;7;0;1;7
00183114;303922;да;3;2;1;8
00183115;303921;да;13;2;1;8
00183117;303920;да;17;0;1;8
00183118;303919;да;10;10;1;7
00183119;303918;нет;0;0;1;0
00183120;303917;да;1;0;1;8
00183121;303916;да;4;2;1;9
00183123;303915;да;76;3;1;8
00183124;303914;да;25;4;1;8
11595414;303913;да;0;1;1;6
11595415;303912;да;2;1;1;8
11595810;303911;да;8;4;1;6
00197257;303910;да;1;1;1;5
00197258;303909;да;0;2;1;6
00197260;303908;да;1;1;1;5
00197542;303907;нет;0;0;1;0
00052878;303906;да;0;2;1;8
11450027;303905;да;0;32;1;8
11450033;303904;да;3;20;1;5
11450034;303903;да;10;11;1;7
11450038;303902;да;19;42;1;7
11450077;303901;да;0;3;1;5
11452183;303900;да;25;47;1;7
00192372;303899;да;2;8;1;3
00157212;303898;да;5;3;1;12
00159710;303897;нет;0;0;1;0
11595209;303896;да;0;1;1;10
11607897;303895;да;2;3;1;10
11608155;303894;да;1;1;1;9
11608363;303893;да;7;3;1;9
00156890;303892;да;11;17;1;11
00156891;303891;да;10;15;1;11
00156892;303890;да;7;7;1;11
00156893;303889;да;2;1;1;11
00159664;303888;да;2;3;1;10
00192818;303887;нет;0;0;1;0
11595469;303886;да;2;3;1;10
00040141;303885;да;0;1;0;5
00102014;303884;да;0;2;0;5
11595198;303883;да;1;1;1;7
11607588;303882;да;2;6;1;6
11607930;303881;да;1;1;1;7
11607982;303880;да;2;3;1;6
11608287;303879;нет;0;0;1;0
00159457;303878;нет;0;0;1;0
00159458;303877;да;8;19;1;9
11595199;303876;да;5;1;1;7
11607749;303875;да;2;11;1;7
11607810;303874;да;2;2;1;4
11607941;303873;да;10;9;1;7
11608379;303872;да;1;1;1;4
00005777;303871;да;6;9;1;7
00159455;303870;да;0;3;1;7
11595813;303869;да;2;1;1;7
11607638;303868;нет;0;0;1;0
11607684;303867;да;10;5;1;7
11608323;303866;да;9;11;1;6
00170303;303865;да;19;16;1;8
00170304;303864;да;6;9;1;8
00170305;303863;нет;0;0;1;0
00170307;303862;да;3;7;1;8
00170355;303861;да;14;19;1;9
00170356;303860;да;3;1;1;5
00170358;303859;нет;0;0;1;0
00170361;303858;нет;0;0;1;0
00182346;303857;нет;0;0;1;0
00182347;303856;да;11;23;1;7
00182348;303855;да;2;0;1;8
00182351;303854;да;2;1;1;8
00182355;303853;да;2;1;1;7
00182356;303852;да;11;0;1;8
00188655;303851;да;4;0;1;9
00188656;303850;нет;0;0;1;0
00188658;303849;да;6;3;1;9
00188659;303848;нет;0;0;1;0
00188660;303847;да;2;0;1;9
00188661;303846;да;2;0;1;9
00188663;303845;да;4;2;1;8
00198415;303844;да;16;5;1;5
00018121;303843;да;0;49;1;15
00116101;303842;да;2;0;1;14
00116102;303841;нет;0;0;1;0
00083094;303840;нет;0;0;1;0
00195848;303839;да;0;1;1;6
00195849;303838;да;0;2;1;7
29532;303837;да;11;0;1;11
00087753;303836;да;39;0;1;13
00087755;303835;да;6;3;1;14
00176310;303834;да;60;0;1;13
00176313;303833;да;1;1;1;9
00178261;303832;да;123;30;1;13
00180908;303831;да;1;1;1;10
00182582;303830;да;3;4;1;10
00186158;303829;да;78;27;1;11
00196075;303828;нет;0;0;1;0
00144154;303827;да;27;240;1;11
00193291;303826;да;288;206;1;12
00193292;303825;да;203;70;1;12
00193293;303824;да;252;70;1;12
00002414;303823;да;2;3;1;11
00005427;303822;да;3;6;1;11
00184789;303821;да;14;0;1;9
00002472;303820;да;99;58;1;8
00138479;303819;нет;0;0;1;0
00153148;303818;да;225;112;1;6
00153149;303817;да;55;0;1;5
00159729;303816;да;649;142;1;6
00173983;303815;да;0;4;1;4
00174048;303814;нет;0;0;1;0
00179226;303813;нет;0;0;1;0
00160812;303812;да;33;19;1;7
00110722;303811;да;0;46;1;9
00165423;303810;да;81;35;1;14
00167130;303809;нет;0;0;1;0
00174077;303808;да;25;0;1;9
00179840;303807;да;41;28;1;17
00017288;303806;нет;0;0;1;0
26573;303805;да;4;8;1;10
00106556;303804;нет;0;0;1;0
00091854;303803;да;2;14;1;14
00175982;303802;да;3;0;1;10
00175987;303801;да;2;0;1;8
00176611;303800;да;1;1;1;8
00182177;303799;да;13;3;1;10
00182178;303798;нет;0;0;1;0
00182407;303797;нет;0;0;1;0
00186101;303796;да;11;0;1;9
00186102;303795;да;16;7;1;9
00186103;303794;да;1;1;1;9
00188681;303793;да;5;4;1;9
00188685;303792;да;1;2;1;10
00188686;303791;да;1;1;1;10
00188687;303790;да;1;4;1;10
00188691;303789;да;6;4;1;9
11539143;303788;да;0;1;1;7
00194197;303787;да;1;5;1;7
00197869;303786;да;12;0;1;10
00197871;303785;нет;0;0;1;0
00197894;303784;нет;0;0;1;0
00197895;303783;да;4;2;1;11
00197896;303782;да;13;14;1;11
00200474;303781;да;2;0;1;7
00041452;303780;да;3;76;1;11
00055605;303779;нет;0;0;1;0
00110892;303778;да;0;14;1;9
00120438;303777;да;96;22;1;14
00156536;303776;да;0;2;1;5
00156537;303775;да;16;8;1;8
00156538;303774;да;12;52;1;8
00156539;303773;да;12;5;1;8
00156540;303772;да;53;29;1;11
00156535;303771;да;51;40;1;6
00156541;303770;да;18;16;1;15
00156542;303769;да;10;0;1;12
00156544;303768;да;43;55;1;13
00169056;303767;да;0;3;1;6
00169057;303766;нет;0;0;1;0
00180770;303765;да;7;6;1;15
00199683;303764;да;18;19;1;5
00018194;303763;да;6;8;1;13
00015215;303762;да;0;28;1;15
11228766;303761;нет;0;0;1;0
00196269;303760;да;11;12;1;8
00199512;303759;да;0;4;1;7
00142652;303758;да;3;11;1;14
00144877;303757;да;4;10;1;12
00153118;303756;да;18;9;1;10
00162408;303755;да;4;0;1;10
00162409;303754;да;0;1;1;10
00162410;303753;да;1;5;1;10
00167058;303752;да;5;7;1;10
00167059;303751;да;12;15;1;11
00167061;303750;да;2;8;1;11
00170645;303745;да;5;7;1;6
00174465;303744;да;2;0;1;6
00174466;303743;да;4;0;1;9
00182160;303742;да;0;2;1;6
00192925;303741;да;7;0;1;11
00002161;303740;нет;0;0;1;0
00003791;303739;да;2;0;1;7
00003818;303738;да;4;0;1;7
00003824;303737;нет;0;0;1;0
00102898;303736;да;2;0;1;14
00102902;303735;да;2;0;1;14
00102904;303734;да;2;0;1;14
00102919;303733;да;0;1;1;14
00102946;303732;нет;0;0;1;0
00102995;303731;да;2;2;1;14
00193759;303730;да;19;1;1;11
00047565;303729;да;532;50;1;16
00132992;303728;да;218;0;1;13
00132993;303727;да;152;77;1;13
00181146;303726;да;0;4;1;3
00184466;303725;да;0;3;1;4
00184468;303724;да;0;3;1;4
00195132;303723;да;0;2;1;6
00197287;303722;да;1;2;1;6
00062007;303721;да;5;0;1;14
00062008;303720;да;8;0;1;13
00062053;303719;да;4;16;1;12
00062054;303718;да;4;6;1;12
00175019;303717;да;2;4;1;7
00175021;303716;да;6;0;1;12
00175022;303715;да;2;4;1;7
00186517;303714;да;5;14;1;8
00186518;303713;да;16;0;1;8
00186542;303712;да;3;2;1;12
00186549;303711;да;1;0;1;12
00186550;303710;да;18;6;1;12
00062018;303709;да;29;12;1;8
00091648;303708;да;2;5;1;8
00089892;303707;да;3;6;1;5
00182581;303706;да;6;0;1;7
00182598;303705;да;4;0;1;12
00186537;303704;да;9;7;1;10
00186538;303703;да;13;4;1;10
00186539;303702;да;4;6;1;13
00186540;303701;да;14;4;1;13
00168075;303700;да;0;6;1;11
00062059;303699;да;158;172;1;10
00114906;303698;да;3;4;1;12
00175926;303697;да;0;1;1;8
00175938;303696;нет;0;0;1;0
00175939;303695;да;7;9;1;5
00181651;303694;нет;0;0;1;0
00190534;303693;да;2;3;1;8
00192673;303692;да;10;60;1;6
00193431;303691;да;39;70;1;8
00199665;303690;да;1;3;1;9
00199667;303689;да;1;7;1;8
00199668;303688;да;0;7;1;5
00199669;303687;нет;0;0;1;0
00199670;303686;да;2;0;1;5
00199675;303685;да;0;15;1;4
29525;303684;да;104;113;1;12
00018111;303683;да;16;17;1;13
00018211;303682;да;5;9;1;28
00058041;303681;да;9;0;1;24
00058042;303680;да;16;0;1;20
00161119;303679;да;101;62;1;10
00185150;303678;да;1;0;1;10
00185153;303677;да;2;0;1;8
00185156;303676;да;3;0;1;10
00174770;303675;да;4;3;1;12
00181240;303674;да;7;1;1;12
00187703;303673;да;4;13;1;12
00196408;303672;да;8;5;1;9
00196409;303671;нет;0;0;1;0
00200571;303670;да;20;19;1;7
00200572;303669;да;24;11;1;7
00188388;303668;да;2;0;1;21
00188390;303667;да;2;0;1;18
00161060;303666;да;0;528;1;7
00183361;303665;да;1;0;1;7
00183364;303664;да;1;0;1;7
00183365;303663;да;2;1;1;7
00183370;303662;да;2;0;1;7
11439673;303661;да;23;333;1;6
00193297;303660;нет;0;0;1;0
00196876;303659;да;0;29;1;5
00196878;303658;да;15;33;1;6
00110742;303657;нет;0;0;1;0
00110743;303656;да;19;3;1;9
00101689;303655;да;7;7;1;8
00174698;303654;да;8;0;1;8
00176044;303653;да;38;43;1;9
00189652;303652;да;0;8;1;5
00113480;303651;да;16;5;1;8
00062516;303650;нет;0;0;1;0
00062590;303649;да;17;20;1;10
00110739;303648;да;12;0;1;10
11410132;303647;нет;0;0;1;0
00163202;303646;да;1;0;1;10
00176073;303645;да;0;10;1;20
00174865;303644;да;0;233;1;21
00174868;303643;да;6;0;1;16
00176241;303642;нет;0;0;1;0
00176968;303641;нет;0;0;1;0
00187675;303640;да;33;10;1;14
00193084;303639;нет;0;0;1;0
00193085;303638;нет;0;0;1;0
00193088;303637;да;195;158;1;14
00193089;303636;да;0;7;1;14
00193091;303635;да;7;20;1;14
00193093;303634;да;16;31;1;15
00159732;303633;да;72;185;1;8
00200126;303632;да;4;8;1;8
00200129;303631;да;8;10;1;4
00193571;303630;да;5;0;1;9
00193573;303629;да;1;0;1;7
00193574;303628;да;1;4;1;10
00160909;303627;нет;0;0;1;0
00160910;303626;да;10;3;1;14
00160911;303625;да;3;3;1;14
00160913;303624;да;11;7;1;15
00166666;303623;да;3;1;1;16
00173620;303622;да;2;2;1;13
00173624;303621;да;5;1;1;14
00173625;303620;да;6;2;1;14
00173627;303619;да;2;2;1;14
00173629;303618;нет;0;0;1;0
00173631;303617;да;2;2;1;14
00173633;303616;да;1;4;1;14
00173634;303615;да;2;2;1;14
00194991;303614;да;1;1;1;11
00194992;303613;да;3;1;1;11
00194997;303612;да;2;1;1;13
00194999;303611;да;2;1;1;11
00195000;303610;да;3;0;1;11
00143701;303609;нет;0;0;1;0
00188403;303608;да;13;9;1;6
00035134;303607;да;0;1;1;12
00117535;303606;да;2;4;1;11
00117540;303605;да;1;0;1;11
00117544;303604;да;1;0;1;11
00196861;303603;да;11;0;1;7
00018126;303602;да;13;20;1;12
00017430;303601;нет;0;0;1;0
00142078;303600;да;2;0;1;7
00142991;303599;нет;0;0;1;0
00167045;303598;нет;0;0;1;0
00182801;303597;да;4;3;1;7
00196870;303596;да;0;1;1;4
00196871;303595;да;74;53;1;4
00121465;303594;да;0;2;1;8
00121482;303593;да;54;33;1;5
00065745;303592;да;14;14;1;8
00151144;303591;да;2;1;1;7
00151145;303590;да;5;5;1;7
00101940;303589;да;1;0;1;11
00197322;303588;да;6;9;1;6
00197324;303587;да;3;6;1;6
00190301;303586;да;0;6;1;12
00006136;303585;да;0;4;1;16
00117873;303584;да;26;8;1;9
00197686;303583;да;10;0;1;8
00017233;303582;да;2;0;1;9
00146055;303581;нет;0;0;1;0
00146056;303580;нет;0;0;1;0
00054968;303579;нет;0;0;1;0
00165556;303578;да;5;0;1;7
00156739;303577;да;5;0;1;8
00146175;303576;да;15;12;1;8
00146176;303575;да;26;7;1;8
00149912;303574;нет;0;0;1;0
00156921;303573;нет;0;0;1;0
00159240;303572;да;5;3;1;9
00135785;303571;да;0;2;1;8
00150392;303570;да;0;11;1;7
00037911;303569;да;0;3;1;8
00156740;303568;да;14;19;1;7
00156749;303567;да;10;5;1;7
00159647;303566;да;4;2;1;6
00156761;303565;да;22;22;1;12
00156763;303564;да;8;10;1;11
00156764;303563;да;1;4;1;11
00156919;303562;да;26;6;1;8
00192840;303561;да;0;1;1;5
00142646;303560;да;8;10;1;10
00142647;303559;да;7;8;1;10
00142648;303558;да;0;12;1;10
00153373;303557;да;1;12;1;8
00155013;303556;да;10;10;1;9
00196262;303555;да;10;8;1;8
00196263;303554;да;19;23;1;8
00196264;303553;да;0;1;1;8
00196265;303552;нет;0;0;1;0
11450025;303551;да;35;44;1;7
11450032;303550;да;3;15;1;7
11452223;303549;да;0;1;1;8
00188753;303548;да;14;5;1;7
00156532;303547;да;31;13;1;4
00006402;303546;да;4;6;1;14
00006406;303545;да;48;223;1;14
00156529;303544;да;62;53;1;14
00199684;303543;да;48;33;1;10
00041872;303542;нет;0;0;1;0
00091912;303541;нет;0;0;1;0
00091913;303540;да;6;0;1;13
00146271;303539;да;1;2;1;5
00146273;303538;нет;0;0;1;0
00151385;303537;нет;0;0;1;0
00151386;303536;нет;0;0;1;0
00162597;303535;нет;0;0;1;0
00162598;303534;да;0;2;1;6
00162600;303533;да;0;1;1;6
00183043;303532;да;2;2;1;8
00183046;303531;нет;0;0;1;0
00183047;303530;нет;0;0;1;0
00183048;303529;нет;0;0;1;0
00183049;303528;да;3;2;1;7
00184773;303527;да;90;0;1;6
00184774;303526;да;16;8;1;6
00190009;303525;да;2;4;1;6
00198681;303524;да;4;6;1;6
00198683;303523;да;7;10;1;6
00198684;303522;да;10;10;1;6
00198685;303521;нет;0;0;1;0
00198686;303520;да;5;10;1;6
11308691;303519;нет;0;0;1;0
00175151;303518;нет;0;0;1;0
00175181;303517;нет;0;0;1;0
00026544;303516;да;37;38;1;9
11076422;303515;да;5;19;1;12
00146177;303514;да;102;10;1;9
00146179;303513;да;18;4;1;9
00146180;303512;да;49;62;1;9
00149913;303511;нет;0;0;1;0
00149915;303510;нет;0;0;1;0
00074150;303509;да;0;4;1;8
00159328;303508;да;63;49;1;7
00191706;303507;да;80;193;1;3
00193056;303506;да;29;33;1;4
11595130;303505;да;2;5;1;8
00004458;303504;да;1;2;1;11
00004474;303503;да;1;1;1;10
00004723;303502;да;0;5;1;9
00004924;303501;да;2;1;1;10
00010925;303500;да;1;2;1;9
00012168;303499;да;2;4;1;9
00049782;303498;нет;0;0;1;0
11011595;303497;да;0;1;0;6
00146045;303496;да;2;0;1;9
00156751;303495;да;14;6;1;8
00156757;303494;да;23;5;1;8
00156758;303493;да;37;4;1;8
00156759;303492;да;11;8;1;8
11353007;303491;нет;0;0;1;0
11595113;303490;нет;0;0;1;0
00000301;303489;да;0;7;1;15
00000300;303488;да;4;14;1;16
00073865;303487;да;2;3;1;14
11002998;303486;да;2;14;1;15
00111604;303485;да;4;3;1;14
11010786;303484;да;4;6;1;15
00113661;303483;да;4;14;1;14
11040435;303482;да;4;14;1;15
00146151;303481;да;6;10;1;12
00156883;303480;да;2;12;1;12
00156884;303479;да;0;1;1;12
00166299;303478;да;0;3;1;11
00195275;303477;да;4;18;1;8
11595159;303476;да;1;2;1;10
11595161;303475;да;0;1;1;10
00092970;303474;нет;0;0;1;0
00092980;303473;нет;0;0;1;0
00092990;303472;да;2;0;1;27
00093046;303471;да;14;8;1;27
00093047;303470;нет;0;0;1;0
00141836;303469;да;8;3;1;18
00141837;303468;да;47;29;1;22
11252178;303467;да;10;9;1;17
00176242;303466;нет;0;0;1;0
00178253;303465;да;16;1;1;15
00180911;303464;да;6;0;1;15
00181407;303463;да;0;1;1;18
00195731;303462;нет;0;0;1;0
00195733;303461;да;1;0;1;11
00195734;303460;да;4;7;1;11
00197297;303459;да;7;3;1;21
00197656;303458;нет;0;0;1;0
00199024;303457;нет;0;0;1;0
00199025;303456;да;3;3;1;11
00199026;303455;да;3;1;1;11
00199458;303454;да;10;9;1;17
00199459;303453;да;15;14;1;16
00199460;303452;да;9;9;1;16
00096325;303451;да;0;33;1;7
00163234;303450;нет;0;0;1;0
11252151;303449;да;120;94;1;17
11252152;303448;да;24;28;1;19
11252153;303447;да;0;15;1;19
11252154;303446;да;13;2;1;19
11252155;303445;да;12;0;1;19
11252157;303444;да;16;12;1;12
11252158;303443;да;12;19;1;19
11252162;303442;да;0;66;1;20
11252166;303441;да;47;76;1;20
11252179;303440;да;73;47;1;10
11252181;303439;да;17;15;1;13
00176244;303438;да;4;0;1;11
00176245;303437;нет;0;0;1;0
00176246;303436;да;2;0;1;11
00176248;303435;да;3;0;1;11
00180461;303434;да;2;0;1;12
00188987;303433;да;0;10;1;17
00188988;303432;да;30;30;1;17
00188989;303431;да;40;20;1;17
00188991;303430;да;1;16;1;16
00188992;303429;да;0;16;1;16
00188993;303428;да;0;2;1;17
00189129;303427;да;41;96;1;13
00189130;303426;да;0;97;1;13
00189132;303425;да;0;29;1;16
00189133;303424;да;0;27;1;12
00189134;303423;да;0;10;1;13
00189135;303422;да;12;44;1;15
00189136;303421;да;0;40;1;16
00189137;303420;да;30;122;1;15
00189138;303419;да;0;11;1;12
00192339;303418;нет;0;0;1;0
00192340;303417;нет;0;0;1;0
00192341;303416;нет;0;0;1;0
00198981;303415;нет;0;0;1;0
00199146;303414;да;9;0;1;14
00199583;303413;да;2;0;1;11
00199585;303412;да;0;11;1;10
00092903;303411;да;13;25;1;23
00160433;303410;да;2;4;1;14
00003332;303409;да;6;6;1;15
00173822;303408;да;3;2;1;18
00181417;303407;да;2;2;1;20
00181420;303406;нет;0;0;1;0
00199013;303405;нет;0;0;1;0
00199014;303404;да;3;5;1;7
00199015;303403;нет;0;0;1;0
00199016;303402;да;5;4;1;7
00200700;303401;да;7;6;1;9
00176074;303400;да;282;350;1;20
11252186;303399;да;8;7;1;13
11252187;303398;да;2;2;1;12
00176240;303397;да;2;3;1;10
00197990;303396;да;22;51;1;28
00197991;303395;да;25;35;1;28
00007721;303394;да;27;25;1;10
00185865;303393;нет;0;0;1;0
00196858;303392;да;9;0;1;3
11208079;303391;да;0;1;1;5
00197923;303390;да;102;75;1;13
00197924;303389;да;38;43;1;13
00170704;303388;да;2;5;1;4
00184664;303387;да;0;1;0;3
00185862;303386;да;12;11;1;11
00185863;303385;да;41;25;1;5
00185867;303384;да;4;2;1;4
00194700;303383;да;4;6;1;4
00194701;303382;да;3;1;1;3
00122386;303381;да;7;5;1;17
00125517;303380;да;19;16;1;18
00125518;303379;да;9;17;1;19
00138887;303378;да;12;19;1;10
00189688;303377;да;7;5;1;14
00072856;303376;да;67;51;1;19
00072857;303375;да;32;42;1;19
00142135;303374;да;2;0;1;14
00150262;303373;нет;0;0;1;0
00150263;303372;да;22;15;1;14
00072864;303371;да;91;29;1;15
00072865;303370;да;66;98;1;15
00072866;303369;да;127;119;1;15
00072867;303368;да;100;105;1;15
00089419;303367;да;117;41;1;15
00089420;303366;да;40;38;1;15
00089421;303365;да;28;34;1;15
00110464;303364;да;0;1;1;14
00110465;303363;да;6;17;1;14
00110466;303362;да;40;47;1;15
00110467;303361;да;19;16;1;15
00110468;303360;нет;0;0;1;0
00110469;303359;да;20;16;1;15
00110470;303358;да;2;10;1;15
00120890;303357;да;21;1;1;15
00120892;303356;да;10;0;1;15
00120893;303355;нет;0;0;1;0
00120895;303354;да;14;26;1;15
00122396;303353;да;10;16;1;14
00122398;303352;да;185;245;1;15
00132871;303351;да;2;25;1;10
00132872;303350;да;0;14;1;10
00150395;303349;да;10;5;1;14
00150399;303348;да;6;0;1;13
00157949;303347;да;36;39;1;12
00183838;303346;да;19;10;1;11
00183839;303345;да;33;20;1;11
00183840;303344;да;24;3;1;11
00195217;303343;да;10;3;1;11
00195947;303342;да;19;6;1;13
00199017;303341;да;3;8;1;13
00199018;303340;да;0;1;1;11
00199019;303339;да;6;10;1;7
00105782;303338;да;5;2;1;7
00161062;303337;да;7;8;1;5
00161063;303336;да;7;6;1;6
00176045;303335;нет;0;0;1;0
00110478;303334;да;23;30;1;20
00110479;303333;да;10;10;1;19
00110482;303332;да;13;0;1;12
00120901;303331;да;19;12;1;12
00120929;303330;да;4;6;1;18
00120930;303329;да;1;0;1;18
00122384;303328;да;4;2;1;12
00161061;303327;да;30;23;1;11
00162569;303326;да;5;8;1;11
00163588;303325;да;1;1;1;14
11208055;303324;да;12;7;1;11
00167671;303323;да;13;19;1;13
00125537;303322;да;12;8;1;21
00125538;303321;нет;0;0;1;0
00125539;303320;да;4;1;1;18
00125540;303319;да;14;13;1;17
00105780;303318;да;13;12;1;14
00105781;303317;да;5;7;1;13
00110471;303316;да;1;4;1;20
00110472;303315;да;7;8;1;18
00120933;303314;да;15;8;1;20
00120934;303313;да;14;21;1;18
00126485;303312;да;7;7;1;14
00126907;303311;нет;0;0;1;0
00135869;303310;да;8;4;1;17
00135870;303309;да;5;8;1;15
00145353;303308;да;7;19;1;18
00193746;303307;да;23;31;1;15
00163584;303306;да;8;0;1;7
00163585;303305;да;3;1;1;7
00163586;303304;да;4;2;1;8
00163587;303303;да;9;10;1;8
00163602;303302;да;20;10;1;4
00189816;303301;да;8;5;1;6
00189817;303300;да;4;6;1;6
00110473;303299;да;32;20;1;20
00110474;303298;да;30;14;1;20
00110477;303297;да;19;17;1;20
00110987;303296;да;3;2;1;21
00116641;303295;да;23;34;1;21
00120898;303294;да;2;10;1;22
00120899;303293;да;6;0;1;22
00120900;303292;да;10;12;1;20
00120905;303291;нет;0;0;1;0
00120908;303290;да;3;3;1;14
00120909;303289;да;1;3;1;14
00125513;303288;нет;0;0;1;0
00125514;303287;нет;0;0;1;0
00161262;303286;нет;0;0;1;0
00171536;303285;да;0;31;1;20
00171539;303284;да;44;184;1;27
00171540;303283;да;25;59;1;28
00171541;303282;да;43;187;1;27
00173495;303281;да;14;26;1;33
00180641;303280;нет;0;0;1;0
11421945;303279;да;5;10;1;14
00199786;303278;да;10;45;1;14
00199791;303277;да;20;31;1;15
00199796;303276;да;19;44;1;16
00199798;303275;да;34;28;1;18
00072858;303274;да;15;0;1;19
00072859;303273;нет;0;0;1;0
00120912;303272;нет;0;0;1;0
00120913;303271;да;10;18;1;17
00120915;303270;да;65;89;1;17
00120916;303269;нет;0;0;1;0
00120928;303268;да;54;7;1;18
00120936;303267;да;0;4;1;19
00163582;303266;да;50;9;1;12
00163589;303265;да;6;16;1;17
00072854;303264;да;18;5;1;19
00072855;303263;да;19;15;1;21
00110480;303262;да;24;24;1;20
00110481;303261;да;24;29;1;20
00120888;303260;да;14;7;1;21
00120889;303259;да;7;11;1;21
00122400;303258;да;11;28;1;22
00122399;303257;да;12;17;1;22
00122402;303256;да;12;11;1;22
00122403;303255;да;20;27;1;22
00145352;303254;да;11;8;1;20
00161732;303253;да;0;2;1;13
00072852;303252;да;383;133;1;22
00072853;303251;да;191;161;1;22
00110475;303250;да;159;38;1;22
00110476;303249;да;84;67;1;19
00122395;303248;да;18;5;1;22
00125511;303247;да;10;12;1;18
00125512;303246;да;6;4;1;17
00161283;303245;да;6;0;1;15
00161297;303244;да;16;7;1;18
00072850;303243;да;12;10;1;15
00072851;303242;да;2;15;1;15
00072862;303241;да;12;10;1;16
00072863;303240;да;0;1;1;17
00122390;303239;нет;0;0;1;0
00007905;303238;да;1;3;1;7
00007907;303237;да;4;2;1;6
00007909;303236;да;0;1;1;6
00012551;303235;нет;0;0;1;0
40119;303234;да;1;4;1;6
00024388;303233;да;0;2;1;7
00146212;303232;да;3;2;1;6
11117318;303231;да;0;1;1;4
00159164;303230;да;5;5;1;6
00163129;303229;да;1;2;1;7
00106245;303228;да;0;4;1;6
00170033;303227;да;1;3;1;5
00179856;303226;да;1;3;1;6
00179857;303225;нет;0;0;1;0
00179859;303224;да;3;0;1;6
11450026;303223;да;4;0;1;4
11591985;303222;да;0;1;1;5
11595497;303221;да;1;4;1;6
11595588;303220;да;0;1;1;6
11595656;303219;нет;0;0;1;0
11595728;303218;да;1;1;1;6
11595789;303217;да;1;2;1;6
11595811;303216;да;1;0;1;6
29535;303215;да;43;6;1;13
29536;303214;да;2;3;1;14
29537;303213;да;76;47;1;14
00041455;303212;да;8;0;1;17
00116214;303211;да;94;58;1;14
00116215;303210;да;0;4;1;9
00119557;303209;да;8;1;1;13
00119559;303208;нет;0;0;1;0
11208035;303207;да;16;10;1;8
00170221;303206;да;7;12;1;9
00170628;303205;да;0;3;1;13
00170629;303204;нет;0;0;1;0
00173523;303203;нет;0;0;1;0
00173525;303202;да;17;14;1;10
00174609;303201;да;12;8;1;11
00174610;303200;да;10;6;1;7
00176295;303199;да;3;2;1;12
00177102;303198;да;1;6;1;9
00177104;303197;да;20;16;1;10
00177105;303196;да;0;4;1;10
00177106;303195;да;0;4;1;10
00177108;303194;да;0;2;1;10
00177109;303193;да;5;5;1;9
00177110;303192;нет;0;0;1;0
00177111;303191;да;40;53;1;9
00177112;303190;да;7;16;1;9
00177113;303189;да;26;22;1;9
00177114;303188;да;20;31;1;9
00179954;303187;да;20;16;1;11
00181344;303186;да;749;605;1;11
00182256;303185;да;9;15;1;8
00182257;303184;да;45;49;1;8
00184174;303183;да;1;0;1;9
00184179;303182;да;1;7;1;9
00189569;303181;да;0;15;1;8
00189570;303180;да;0;3;1;8
00191843;303179;да;3;0;1;10
00191844;303178;да;2;4;1;12
00197384;303177;да;39;10;1;7
00198512;303176;да;1;4;1;9
00198513;303175;нет;0;0;1;0
00198878;303174;да;1;1;1;6
00198879;303173;да;1;0;1;6
00199752;303172;да;60;39;1;6
00199753;303171;да;4;5;1;12
00199754;303170;да;2;0;1;11
00199755;303169;да;3;2;1;16
00199756;303168;да;0;3;1;12
00199758;303167;да;4;0;1;11
00199759;303166;да;5;4;1;16
00199824;303165;да;19;8;1;6
00199825;303164;да;18;10;1;6
00199827;303163;да;2;3;1;9
00199828;303162;да;8;6;1;5
00183171;303161;да;33;18;1;9
00089847;303160;да;11;4;1;15
00089852;303159;да;5;6;1;15
00200128;303158;да;3;7;1;9
00186530;303157;да;5;6;1;8
00186531;303156;да;2;7;1;7
00194724;303155;да;2;5;1;15
00194725;303154;да;0;3;1;8
00197953;303153;да;0;3;1;4
00012151;303152;да;6;0;1;7
00012239;303151;да;3;2;1;9
00170673;303150;да;1;0;1;5
00170706;303149;да;3;0;1;6
00062015;303148;нет;0;0;1;0
00127407;303147;да;2;2;1;10
00175016;303146;да;2;5;1;10
00175018;303145;нет;0;0;1;0
00110629;303144;да;93;383;1;7
00011912;303143;да;1;7;1;6
00062012;303142;да;23;33;1;12
00062056;303141;да;23;8;1;13
00110623;303140;да;5;0;1;7
00110624;303139;да;5;3;1;7
00138482;303138;да;23;81;1;9
00139047;303137;да;27;66;1;11
00139048;303136;да;5;7;1;10
00173865;303135;да;0;18;1;5
00173866;303134;да;31;10;1;5
00173867;303133;да;6;18;1;5
00175011;303132;да;7;5;1;6
00175012;303131;да;3;8;1;6
00193173;303130;нет;0;0;1;0
00198146;303129;да;18;24;1;6
00198147;303128;да;23;3;1;6
00198148;303127;да;15;0;1;6
00198149;303126;да;14;6;1;6
00198150;303125;да;18;0;1;6
00148291;303124;да;1;0;1;14
00190296;303123;да;0;4;1;10
00190297;303122;да;0;4;1;10
00190298;303121;да;0;17;1;10
00067517;303120;да;3;0;1;9
00110625;303119;да;2;0;1;10
00169500;303118;да;48;19;1;24
00169501;303117;нет;0;0;1;0
00169502;303116;да;0;131;1;26
00182343;303115;да;1;0;1;16
00147508;303114;да;5;19;1;4
00186534;303113;да;13;38;1;6
00105271;303112;да;23;0;1;5
00142016;303111;да;1;0;1;4
00198755;303110;да;6;3;1;3
00171481;303109;да;69;33;1;11
00090109;303108;да;1;0;1;16
00184632;303107;да;3;2;1;13
00184633;303106;да;4;2;1;13
00184635;303105;да;2;2;1;13
00184636;303104;да;28;16;1;13
00184637;303103;да;13;4;1;13
00184638;303102;да;7;3;1;13
00184639;303101;да;0;1;1;13
00184640;303100;да;3;0;1;13
00184641;303099;да;1;1;1;13
00057118;303098;да;87;31;1;14
00057119;303097;да;7;0;1;14
00059450;303096;нет;0;0;1;0
00059451;303095;нет;0;0;1;0
00063175;303094;да;62;38;1;14
00063178;303093;да;50;22;1;14
00063179;303092;да;41;22;1;14
00063180;303091;да;13;0;1;14
00063182;303090;да;2;2;1;13
00063183;303089;да;1;1;1;13
00064293;303088;да;16;6;1;14
00072693;303087;да;2;1;1;14
00072694;303086;да;0;1;1;14
00072695;303085;да;0;1;1;14
00072696;303084;да;13;1;1;13
00072697;303083;да;14;5;1;13
00072698;303082;нет;0;0;1;0
00072700;303081;да;1;3;1;14
00072701;303080;да;2;1;1;13
00072702;303079;да;1;0;1;14
00116029;303078;да;2;4;1;14
00116035;303077;нет;0;0;1;0
00153476;303076;да;2;0;1;12
00153477;303075;нет;0;0;1;0
00169817;303074;да;1;1;1;10
00169820;303073;да;9;6;1;10
00169821;303072;да;13;6;1;10
00169822;303071;да;11;5;1;10
00169823;303070;да;49;2;1;10
00169824;303069;да;2;2;1;10
00170018;303068;да;3;0;1;9
00170019;303067;да;2;1;1;10
00171031;303066;да;18;9;1;9
00171032;303065;да;32;15;1;9
00171033;303064;да;20;18;1;11
00171034;303063;да;13;24;1;11
00173899;303062;да;9;5;1;9
00173900;303061;да;10;6;1;9
00173901;303060;нет;0;0;1;0
00173902;303059;да;13;6;1;9
00173903;303058;да;3;3;1;9
00173904;303057;нет;0;0;1;0
00173905;303056;да;3;1;1;10
00173906;303055;нет;0;0;1;0
00173907;303054;да;29;38;1;10
00173909;303053;нет;0;0;1;0
11341690;303052;да;0;1;1;9
11341702;303051;нет;0;0;1;0
11341709;303050;да;2;0;1;10
11341710;303049;да;0;2;1;10
11341711;303048;да;3;3;1;10
00194324;303047;да;29;11;1;9
00194328;303046;да;23;10;1;9
00194329;303045;да;18;6;1;9
00194331;303044;да;6;2;1;9
00194333;303043;нет;0;0;1;0
11605380;303042;да;3;2;1;6
11605381;303041;да;3;3;1;6
11605382;303040;да;1;3;1;6
11605391;303039;да;9;4;1;6
00040248;303038;да;108;47;1;13
00063195;303037;да;12;10;1;14
00063196;303036;да;14;7;1;13
00063197;303035;да;16;11;1;14
00064294;303034;да;30;16;1;13
00064295;303033;да;22;15;1;14
00064299;303032;да;3;2;1;14
00064300;303031;да;2;0;1;14
00064310;303030;да;2;2;1;13
00078872;303029;нет;0;0;1;0
00095968;303028;да;2;2;1;11
00095969;303027;да;2;2;1;11
00095975;303026;да;0;2;1;11
00095991;303025;да;12;1;1;13
00115021;303024;да;13;1;1;13
00145379;303023;да;3;4;1;13
00169089;303022;да;32;20;1;10
00169092;303021;да;1;0;1;10
00169093;303020;да;16;0;1;10
00169095;303019;да;3;0;1;13
00169096;303018;да;2;3;1;13
00169098;303017;да;3;0;1;13
00169099;303016;да;2;0;1;13
00169100;303015;да;1;1;1;13
00169101;303014;да;1;0;1;13
00170020;303013;да;1;0;1;6
00170021;303012;да;0;1;1;6
00171025;303011;да;55;29;1;8
00171026;303010;да;57;51;1;8
00171027;303009;да;45;53;1;8
00171028;303008;да;15;0;1;8
00171029;303007;да;3;0;1;8
00173885;303006;да;39;15;1;8
00173886;303005;нет;0;0;1;0
00173887;303004;да;1;0;1;8
00173888;303003;да;31;17;1;8
00173889;303002;да;21;0;1;8
00173890;303001;да;0;1;1;6
00173891;303000;да;8;4;1;6
00173892;302999;да;20;13;1;6
00173893;302998;да;3;2;1;6
00173894;302997;да;3;4;1;6
00173895;302996;да;2;1;1;6
00173897;302995;да;0;1;1;6
00173898;302994;да;3;2;1;6
11341665;302993;нет;0;0;1;0
00187491;302992;да;1;1;1;8
00187574;302991;да;0;2;1;8
00187575;302990;да;0;1;1;8
00194318;302989;да;9;5;1;8
00194322;302988;да;5;3;1;8
00194323;302987;нет;0;0;1;0
00194334;302986;да;7;0;1;8
00194335;302985;да;19;10;1;8
00194337;302984;да;18;7;1;7
00194338;302983;да;21;13;1;7
00194339;302982;да;17;0;1;7
00201271;302981;да;2;1;1;7
00127883;302980;да;1;1;1;5
00127884;302979;да;1;1;1;5
00117516;302978;да;3;0;1;13
00013341;302977;да;0;14;1;18
00120288;302976;да;2;0;1;15
00160946;302975;да;1;0;1;10
00161296;302974;да;0;103;1;14
00164336;302973;да;0;18;1;13
00091889;302972;да;73;25;1;12
00091890;302971;да;70;28;1;12
00164787;302970;нет;0;0;1;0
00178122;302969;да;1;0;1;12
00178123;302968;нет;0;0;1;0
00178254;302967;да;22;4;1;12
00178255;302966;да;20;5;1;12
00180905;302965;да;24;3;1;13
00180907;302964;да;52;58;1;12
00062019;302963;да;2;13;1;11
00062020;302962;да;0;2;1;10
00186519;302961;да;5;23;1;10
00186521;302960;да;15;4;1;9
00186524;302959;да;15;6;1;10
00100972;302958;да;2;6;1;26
00178287;302957;да;13;16;1;16
00192047;302956;нет;0;0;1;0
00196761;302955;да;2;1;1;8
00196766;302954;да;1;1;1;8
00193311;302953;да;2;4;1;10
00195949;302952;да;2;10;1;11
00003832;302951;нет;0;0;1;0
00127841;302950;да;1;2;1;11
00127844;302949;нет;0;0;1;0
00127846;302948;да;3;0;1;11
00183922;302947;да;61;8;1;8
00183924;302946;да;14;8;1;8
00183940;302945;нет;0;0;1;0
00183941;302944;да;3;3;1;8
00003825;302943;да;2;2;1;12
00003829;302942;да;0;1;1;13
00003834;302941;нет;0;0;1;0
00193299;302940;да;1;0;1;9
00196759;302939;да;3;0;1;9
00116218;302938;да;26;7;1;11
00116219;302937;да;27;35;1;11
00116220;302936;да;17;13;1;11
00116221;302935;да;8;4;1;11
00091881;302934;да;1;0;1;13
00175967;302933;да;14;11;1;11
00175968;302932;да;0;1;1;11
00175970;302931;да;22;17;1;12
00175971;302930;да;3;6;1;11
00195960;302929;да;0;1;1;9
00122358;302928;нет;0;0;1;0
00193294;302927;да;24;0;1;10
00193295;302926;да;14;5;1;10
00193296;302925;да;14;0;1;11
00195951;302924;да;0;2;1;10
00198788;302923;да;6;0;1;9
00193312;302922;да;0;2;1;7
00186516;302921;да;7;1;1;9
00182162;302920;да;8;0;1;15
00199687;302919;да;10;8;1;15
00162726;302918;да;0;34;1;5
00162727;302917;да;1;11;1;5
00161198;302916;да;0;40;1;9
00161675;302915;да;16;2;1;9
00175493;302914;да;14;0;1;11
11371842;302913;нет;0;0;1;0
00041900;302912;да;0;1;1;12
00090093;302911;да;24;0;1;9
00090094;302910;нет;0;0;1;0
00117529;302909;да;1;0;1;12
00006551;302908;нет;0;0;1;0
00101955;302907;да;0;1;1;14
00145335;302906;да;6;0;1;5
00182259;302905;да;3;0;1;6
00183947;302904;да;60;29;1;7
00183948;302903;да;90;87;1;7
00189563;302902;да;20;5;1;8
00194177;302901;да;0;11;1;7
00196773;302900;да;14;5;1;8
00196774;302899;да;7;3;1;7
00196775;302898;да;1;0;1;8
00196776;302897;да;5;3;1;7
00198703;302896;да;18;10;1;8
00198704;302895;да;4;0;1;8
00198705;302894;да;0;15;1;8
00198706;302893;да;1;12;1;8
00199821;302892;да;36;16;1;6
00199822;302891;да;19;11;1;6
00199823;302890;да;6;4;1;6
00199913;302889;да;1;3;1;9
00199916;302888;да;4;12;1;9
00199917;302887;да;0;3;1;7
00199918;302886;да;0;16;1;8
00199919;302885;да;0;14;1;9
00199921;302884;да;0;11;1;9
00199922;302883;да;5;11;1;9
00199923;302882;да;5;5;1;7
00199924;302881;да;2;5;1;7
00199925;302880;да;8;2;1;7
00102079;302879;да;4;7;1;12
00195850;302878;да;7;6;1;6
00195857;302877;да;7;5;1;8
00195858;302876;да;3;3;1;5
00102063;302875;да;4;0;1;10
00196781;302874;да;0;1;1;6
00013455;302873;да;1;1;1;10
00096949;302872;да;4;3;1;9
11175818;302871;да;9;4;1;6
00180013;302870;да;10;3;1;6
11542414;302869;да;12;11;1;7
11542415;302868;да;12;3;1;6
11542416;302867;да;3;4;1;6
00041459;302866;да;38;33;1;18
00013335;302865;да;72;113;1;17
00013336;302864;нет;0;0;1;0
00160931;302863;да;13;0;1;14
00160932;302862;да;58;16;1;14
00164915;302861;да;34;32;1;15
00164916;302860;да;14;17;1;15
00164917;302859;да;35;23;1;15
00164918;302858;да;15;16;1;15
00164919;302857;да;42;4;1;15
00165631;302856;да;14;6;1;12
00002996;302855;да;19;3;1;14
00173957;302854;да;9;15;1;14
00173959;302853;да;64;6;1;13
00173960;302852;да;221;109;1;14
00175867;302851;да;10;11;1;7
00175882;302850;да;8;14;1;15
00175884;302849;да;6;2;1;14
00175886;302848;да;24;1;1;14
00176273;302847;да;13;0;1;13
00176275;302846;да;8;2;1;14
00176277;302845;нет;0;0;1;0
00176280;302844;да;34;11;1;12
00176281;302843;да;5;0;1;13
00176283;302842;да;41;2;1;13
00176286;302841;нет;0;0;1;0
00176287;302840;да;15;5;1;13
00176288;302839;да;39;8;1;13
00176289;302838;нет;0;0;1;0
00180909;302837;нет;0;0;1;0
00182588;302836;нет;0;0;1;0
00184236;302835;да;3;0;1;13
00185145;302834;да;4;0;1;14
00198507;302833;да;0;9;1;11
00198508;302832;да;21;15;1;12
00198509;302831;да;10;8;1;10
00198641;302830;да;17;19;1;14
00198642;302829;да;20;18;1;14
00198643;302828;да;21;8;1;14
00198644;302827;да;5;9;1;14
00198645;302826;да;9;15;1;14
00198648;302825;да;16;20;1;14
00198649;302824;да;11;7;1;14
00198650;302823;нет;0;0;1;0
00198964;302822;да;0;11;1;12
00200477;302821;да;21;12;1;11
00200483;302820;да;0;17;1;11
00194274;302819;да;1;0;1;8
00198957;302818;нет;0;0;1;0
00199070;302817;нет;0;0;1;0
00199071;302816;нет;0;0;1;0
00018104;302815;да;5;1;1;11
00182742;302814;да;6;1;1;8
00198786;302813;да;8;5;1;6
00198787;302812;да;1;0;1;6
00020593;302811;нет;0;0;1;0
00063241;302810;да;10;4;1;10
00182828;302809;да;14;6;1;11
00184806;302808;нет;0;0;1;0
00187971;302807;да;3;0;1;12
11550167;302806;да;4;0;1;8
00196868;302805;да;0;4;1;6
00199127;302804;да;35;39;1;8
00201657;302803;да;0;1;1;12
00035103;302802;нет;0;0;1;0
00017464;302801;да;1;0;1;13
00017466;302800;да;6;1;1;13
00006596;302799;да;20;13;1;12
00006597;302798;нет;0;0;1;0
00006600;302797;да;11;20;1;12
00196846;302796;да;6;4;1;6
00196855;302795;да;12;7;1;9
00196856;302794;да;10;6;1;8
00035115;302793;нет;0;0;1;0
00035116;302792;нет;0;0;1;0
00090097;302791;да;4;2;1;12
00090098;302790;да;16;51;1;12
00090099;302789;да;6;18;1;11
00090100;302788;да;19;49;1;13
00059791;302787;да;3;0;1;12
00059792;302786;да;22;0;1;12
00059797;302785;да;18;41;1;12
00090091;302784;да;1;0;1;12
00090092;302783;да;9;9;1;12
00110735;302782;да;6;6;1;12
00110736;302781;да;10;9;1;12
00117513;302780;нет;0;0;1;0
00006539;302779;да;1;0;1;13
00124352;302778;да;2;1;1;12
00142054;302777;да;4;2;1;9
00142056;302776;да;3;0;1;9
00142059;302775;да;0;1;1;9
00142062;302774;нет;0;0;1;0
00142064;302773;нет;0;0;1;0
00142065;302772;да;1;0;1;13
00142066;302771;да;1;1;1;9
00196817;302770;да;21;10;1;8
00196822;302769;да;22;10;1;6
00196824;302768;да;12;10;1;6
00196826;302767;да;20;6;1;8
00196829;302766;да;20;5;1;6
00035120;302765;да;47;30;1;11
00017433;302764;нет;0;0;1;0
00017471;302763;да;0;1;1;10
00017472;302762;да;23;53;1;10
00017474;302761;да;5;0;1;12
00017475;302760;да;5;3;1;13
00117763;302759;да;0;6;1;10
00120433;302758;да;13;28;1;12
00127744;302757;да;2;12;1;10
29521;302756;да;179;156;1;13
00055591;302755;да;65;30;1;14
00055894;302754;да;0;276;1;13
00177144;302753;да;16;11;1;8
00180995;302752;да;0;36;1;13
00004635;302751;да;12;14;1;17
00004636;302750;да;28;21;1;18
00004637;302749;да;30;30;1;11
00004638;302748;нет;0;0;1;0
00004766;302747;да;48;48;1;15
00170723;302746;да;3;2;1;13
00201645;302745;да;0;1;1;12
00004774;302744;да;47;48;1;8
00201646;302743;нет;0;0;1;0
00188558;302742;нет;0;0;1;0
00188559;302741;нет;0;0;1;0
00188560;302740;нет;0;0;1;0
00188562;302739;нет;0;0;1;0
00191294;302738;нет;0;0;1;0
00191302;302737;да;4;2;1;10
00003743;302736;да;325;182;1;21
00002405;302735;да;22;5;1;22
00006108;302734;да;0;2;1;21
29522;302733;да;395;141;1;22
29523;302732;да;129;204;1;23
00056262;302731;да;0;36;1;24
00120392;302730;нет;0;0;1;0
00136031;302729;да;5;0;1;20
00143694;302728;да;3;4;1;16
00143698;302727;да;2;4;1;16
00143699;302726;нет;0;0;1;0
11208878;302725;нет;0;0;1;0
11208879;302724;нет;0;0;1;0
11208887;302723;нет;0;0;1;0
00168742;302722;да;68;0;1;19
00168743;302721;да;93;50;1;19
00175890;302720;да;6;10;1;18
00175891;302719;да;5;9;1;17
00177123;302718;да;79;9;1;18
00178264;302717;да;8;0;1;16
00178265;302716;да;3;0;1;16
00178299;302715;да;0;1;1;20
00179227;302714;да;17;17;1;14
00179228;302713;да;35;15;1;14
00182370;302712;да;21;13;1;18
00182373;302711;да;14;2;1;20
00182531;302710;да;22;24;1;20
00182540;302709;нет;0;0;1;0
00182564;302708;да;0;11;1;20
00182808;302707;нет;0;0;1;0
00182809;302706;да;1;0;1;15
00183011;302705;да;105;63;1;19
00183618;302704;да;7;0;1;12
00186130;302703;нет;0;0;1;0
00186138;302702;да;7;1;1;12
00192054;302701;да;7;2;1;13
00192059;302700;да;5;0;1;16
00197053;302699;да;0;5;1;18
00197054;302698;да;33;14;1;19
00197055;302697;да;33;26;1;20
00197056;302696;да;9;4;1;20
00197057;302695;да;29;22;1;20
00197058;302694;да;32;14;1;19
00197325;302693;да;0;3;1;20
00198919;302692;да;25;19;1;19
00198928;302691;да;6;3;1;17
00198937;302690;да;19;19;1;15
00198941;302689;да;30;22;1;17
00198945;302688;нет;0;0;1;0
00198960;302687;да;29;23;1;17
00198966;302686;да;6;3;1;17
00199081;302685;да;17;20;1;15
00199083;302684;да;27;30;1;15
00199087;302683;да;20;10;1;21
00200086;302682;да;16;1;1;19
00200087;302681;да;15;4;1;18
00200088;302680;да;9;1;1;19
00200090;302679;да;5;4;1;16
00200091;302678;да;12;0;1;19
00200150;302677;да;10;8;1;19
00202055;302676;да;3;3;1;18
00202056;302675;да;3;3;1;18
00202059;302674;да;5;2;1;19
00006100;302673;да;16;21;1;24
00006105;302672;нет;0;0;1;0
00030299;302671;да;5;3;1;26
00046957;302670;да;14;13;1;28
00055594;302669;нет;0;0;1;0
00055596;302668;да;7;144;1;27
00056263;302667;нет;0;0;1;0
00056779;302666;да;28;2;1;28
00062655;302665;да;28;24;1;25
00116920;302664;да;29;8;1;20
00120412;302663;да;123;179;1;22
00120415;302662;да;9;7;1;23
00151391;302661;да;35;20;1;21
00151392;302660;да;8;10;1;21
00151393;302659;да;15;16;1;21
11208941;302658;да;67;96;1;19
00178214;302657;нет;0;0;1;0
00178215;302656;да;0;27;1;19
00178216;302655;нет;0;0;1;0
00182534;302654;да;10;6;1;16
00182565;302653;да;0;2;1;19
00182574;302652;да;8;2;1;15
00182575;302651;да;20;26;1;15
00186128;302650;да;3;2;1;15
00192066;302649;да;68;33;1;15
00197060;302648;да;6;4;1;17
00197061;302647;да;23;4;1;17
00197064;302646;да;4;11;1;17
00197066;302645;да;10;10;1;17
00197069;302644;да;3;3;1;17
00197070;302643;да;20;8;1;17
00197072;302642;да;15;4;1;17
00197073;302641;да;16;17;1;17
00197652;302640;да;19;11;1;17
00198931;302639;да;3;5;1;19
00198940;302638;да;18;15;1;18
00199063;302637;да;16;10;1;15
00199126;302636;да;10;10;1;19
00200132;302635;да;4;0;1;18
00200133;302634;да;4;0;1;16
00200134;302633;да;6;6;1;16
00200135;302632;да;2;4;1;17
00200136;302631;да;13;13;1;19
00200137;302630;да;40;18;1;15
00200138;302629;да;15;23;1;16
00200139;302628;да;29;14;1;15
00200140;302627;да;9;6;1;19
00200141;302626;да;5;4;1;17
00200142;302625;да;12;7;1;17
00200143;302624;да;65;45;1;15
00200144;302623;да;22;12;1;17
00200145;302622;да;6;4;1;16
00200146;302621;да;28;12;1;16
00200147;302620;да;23;11;1;15
00200148;302619;да;1;0;1;17
00200149;302618;да;6;3;1;16
00201649;302617;да;0;1;1;14
00202058;302616;да;8;3;1;19
00202060;302615;да;1;0;1;17
00006098;302614;да;23;13;1;18
00006103;302613;да;2;1;1;19
00120421;302612;да;36;20;1;20
00082976;302611;да;85;30;1;16
11208914;302610;нет;0;0;1;0
00177288;302609;да;15;37;1;20
00178210;302608;да;31;32;1;17
00185159;302607;да;34;53;1;15
00197289;302606;да;21;19;1;19
00197290;302605;да;5;7;1;18
00197291;302604;да;7;11;1;19
00198920;302603;да;25;10;1;15
00200094;302602;да;3;4;1;18
00202057;302601;нет;0;0;1;0
00117654;302600;да;3;10;1;18
00159182;302599;да;2;1;1;6
00159165;302598;да;7;9;1;6
00159272;302597;да;4;6;1;5
00159162;302596;да;2;0;1;5
00159144;302595;да;3;1;1;5
00157162;302594;да;4;4;1;6
00157161;302593;да;2;3;1;6
00159301;302592;да;4;6;1;5
00156874;302591;нет;0;0;1;0
00159464;302590;да;6;6;1;5
00156606;302589;да;1;5;1;6
00156600;302588;да;2;2;1;6
11117986;302587;да;0;3;1;4
11232497;302586;да;1;1;1;4
00153895;302585;нет;0;0;1;0
00146163;302584;да;4;5;1;5
11325018;302583;да;1;4;1;4
00146162;302582;да;23;14;1;6
00146161;302581;нет;0;0;1;0
00175093;302580;да;0;1;1;4
00146148;302579;да;1;0;1;7
00146147;302578;да;8;14;1;8
00146035;302577;нет;0;0;1;0
11381540;302576;да;0;1;1;2
00146033;302575;да;5;15;1;10
11043072;302574;нет;0;0;1;0
00122651;302573;да;0;7;1;4
00112384;302572;да;1;1;1;5
11009750;302571;да;1;1;1;4
00107871;302570;да;0;1;1;4
11450102;302569;да;0;10;1;3
00104005;302568;да;0;3;1;5
00085063;302567;да;1;3;1;4
00066506;302566;да;0;4;1;5
00066488;302565;да;0;5;1;4
00066487;302564;да;0;8;1;4
00066483;302563;да;0;5;1;3
00066482;302562;да;0;2;1;3
00066481;302561;да;0;1;1;3
00066480;302560;да;0;5;1;4
00062815;302559;нет;0;0;1;0
00053551;302558;да;1;0;1;4
00049188;302557;да;1;0;1;4
00038001;302556;да;0;28;1;6
29443;302555;да;0;2;1;5
29386;302554;да;1;0;1;8
26959;302553;нет;0;0;1;0
26958;302552;нет;0;0;1;0
00016155;302551;нет;0;0;1;0
00015196;302550;да;10;19;1;4
00008695;302549;нет;0;0;1;0
00006316;302548;да;0;1;1;4
00195643;302547;нет;0;0;1;0
11595715;302546;да;0;1;1;6
11595648;302545;да;0;1;1;6
11595628;302544;да;1;1;1;6
11595601;302543;нет;0;0;1;0
11595493;302542;да;1;1;1;6
11595492;302541;да;1;2;1;6
11452049;302540;да;1;0;1;2
11595475;302539;нет;0;0;1;0
11595474;302538;нет;0;0;1;0
11561872;302537;да;0;4;1;3
11452101;302536;да;4;1;1;2
11561625;302535;да;0;4;1;3
11452103;302534;да;3;3;1;2
00192321;302533;да;3;2;1;7
11452160;302532;да;3;9;1;2
11452161;302531;да;6;6;1;2
11452281;302530;да;3;2;1;3
11452264;302529;да;2;2;1;3
11452234;302528;да;1;1;1;4
11452221;302527;да;0;1;1;3
11452229;302526;да;1;1;1;3
11452174;302525;да;3;0;1;4
11452224;302524;да;4;3;1;2
11452167;302523;да;1;0;1;3
11452113;302522;да;0;4;1;4
11452106;302521;да;1;1;1;3
11452261;302520;да;1;3;1;2
11452058;302519;да;0;3;1;4
11452262;302518;да;0;1;1;2
11452054;302517;да;1;1;1;3
11452263;302516;да;4;0;1;3
11452033;302515;да;2;0;1;3
00188019;302514;да;5;5;1;3
11450074;302513;да;3;0;1;4
00184333;302512;да;0;1;1;5
00179839;302511;да;10;0;1;6
11252449;302510;да;0;1;1;7
00164183;302509;да;8;18;1;7
00159333;302508;да;15;20;1;7
00159202;302507;да;3;0;1;7
00188276;302506;да;2;2;1;2
00157166;302505;да;0;1;1;7
00156870;302504;да;0;1;1;8
00188293;302503;да;1;1;1;3
00156590;302502;да;3;2;1;8
00156438;302501;да;0;1;1;8
00156437;302500;да;4;0;1;8
00156434;302499;да;0;1;1;8
00146029;302498;да;9;8;1;8
00146028;302497;да;1;0;1;8
11073426;302496;да;7;13;1;5
11048299;302495;да;0;1;1;5
11043716;302494;да;1;1;1;5
11043712;302493;да;2;4;1;5
11043710;302492;да;1;2;1;6
11042146;302491;да;1;2;1;5
00117287;302490;да;0;1;1;7
11009486;302489;да;2;1;1;5
00106659;302488;да;2;4;1;4
00058842;302487;нет;0;0;1;0
00035579;302486;да;0;1;1;6
00010133;302485;да;1;4;1;5
00007949;302484;да;4;6;1;8
00007899;302483;да;7;8;1;7
00007898;302482;да;3;2;1;9
00007897;302481;да;4;6;1;8
00007896;302480;да;1;2;1;8
00007895;302479;да;3;2;1;8
00007130;302478;да;1;1;1;5
00201353;302477;да;0;1;1;2
00201352;302476;да;0;1;1;2
00201345;302475;да;0;1;1;2
00201344;302474;да;0;1;1;2
00201343;302473;да;0;1;1;2
00201341;302472;да;0;1;1;2
00199227;302471;да;0;1;1;1
00197213;302470;нет;0;0;1;0
00195989;302469;нет;0;0;1;0
11595788;302468;да;1;1;1;6
11595743;302467;нет;0;0;1;0
11595679;302466;да;0;1;1;6
11595630;302465;да;1;2;1;6
11595600;302464;да;4;1;1;6
11595598;302463;да;1;1;1;6
11595539;302462;да;0;1;1;6
00190241;302461;да;2;4;1;3
11595538;302460;да;1;1;1;6
00190242;302459;да;5;15;1;3
11595490;302458;нет;0;0;1;0
11559881;302457;нет;0;0;1;0
11559660;302456;да;1;2;1;2
11559659;302455;да;0;1;1;2
00188775;302454;да;1;0;1;3
11561193;302453;да;2;9;1;2
00188287;302452;да;2;2;1;3
00188279;302451;да;0;1;1;3
00188264;302450;да;0;1;1;3
00188188;302449;да;0;1;1;3
00188187;302448;да;0;1;1;3
00188117;302447;да;0;1;1;1
00188062;302446;нет;0;0;1;0
00188017;302445;да;1;1;1;1
00188007;302444;да;1;1;1;2
11452280;302443;да;1;0;1;3
11452240;302442;да;0;1;1;3
11452237;302441;да;0;2;1;3
00193863;302440;да;4;6;1;4
11452169;302439;нет;0;0;1;0
11590132;302438;нет;0;0;1;0
11452153;302437;да;0;1;1;3
11452108;302436;да;1;0;1;4
11452096;302435;да;0;1;1;3
11450138;302434;да;1;0;1;4
11336840;302433;да;0;1;1;6
11595148;302432;да;1;1;1;5
00164179;302431;да;0;1;1;6
00164169;302430;нет;0;0;1;0
11595156;302429;да;1;0;1;5
00157147;302428;нет;0;0;1;0
00157146;302427;да;9;5;1;8
00157144;302426;нет;0;0;1;0
00157143;302425;да;5;12;1;7
00157139;302424;да;5;3;1;8
00157138;302423;да;8;4;1;8
00157137;302422;нет;0;0;1;0
00156732;302421;да;0;1;1;8
00156728;302420;да;4;4;1;7
00147548;302419;нет;0;0;1;0
00146211;302418;да;8;4;1;8
00146210;302417;да;0;1;1;8
00146209;302416;да;4;0;1;10
00146207;302415;да;7;13;1;8
00146053;302414;да;3;3;1;8
00146051;302413;нет;0;0;1;0
00146049;302412;да;0;2;1;8
00146048;302411;да;4;3;1;8
00146044;302410;да;0;1;1;9
00146043;302409;нет;0;0;1;0
00108741;302408;нет;0;0;1;0
11595374;302407;да;3;2;1;5
00108028;302406;нет;0;0;1;0
11595477;302405;да;1;0;1;5
11595501;302404;да;1;0;1;5
00034598;302403;да;1;4;1;6
00012397;302402;нет;0;0;1;0
00202260;302401;да;0;2;1;2
11595520;302400;да;24;14;1;5
00201358;302399;да;0;4;1;3
11595521;302398;да;4;0;1;6
00197222;302397;да;2;0;1;4
11595532;302396;да;7;9;1;6
11608386;302395;да;2;4;1;5
11595534;302394;да;10;15;1;5
11608383;302393;да;2;4;1;5
11608359;302392;да;5;5;1;5
11607977;302391;нет;0;0;1;0
11607970;302390;да;1;2;1;5
11607969;302389;да;3;2;1;5
11607931;302388;да;1;1;1;4
11607920;302387;да;1;1;1;5
11607791;302386;да;2;3;1;5
11607765;302385;да;2;5;1;5
11607745;302384;да;2;2;1;5
11597958;302383;да;4;2;1;5
11597945;302382;да;2;2;1;4
11595686;302381;да;0;1;1;6
11597932;302380;да;2;7;1;6
11595713;302379;да;1;2;1;5
11597898;302378;да;1;2;1;5
11595714;302377;да;1;1;1;5
11597890;302376;да;1;1;1;5
11597846;302375;да;8;4;1;6
11597834;302374;да;0;1;1;5
11597833;302373;да;3;4;1;5
11597832;302372;да;5;10;1;5
11597831;302371;да;4;6;1;5
11596003;302370;да;1;2;1;6
11596001;302369;да;1;1;1;6
11595856;302368;да;4;6;1;6
11595996;302367;да;3;0;1;6
11595732;302366;да;1;2;1;6
11595724;302365;да;2;1;1;6
11595661;302364;да;1;1;1;6
11595567;302363;да;1;1;1;6
11595562;302362;да;2;1;1;6
11595441;302361;нет;0;0;1;0
11595436;302360;да;1;1;1;6
11595329;302359;да;1;3;1;6
11597964;302358;да;1;2;1;5
11595326;302357;да;0;1;1;6
11595319;302356;да;1;0;1;6
11607698;302355;нет;0;0;1;0
11595314;302354;да;1;0;1;6
11607718;302353;да;1;0;1;6
11595100;302352;да;1;1;1;6
11607903;302351;да;0;1;1;5
00195042;302350;да;2;4;1;5
11607904;302349;да;0;1;1;5
11607937;302348;нет;0;0;1;0
00193240;302347;да;2;6;1;4
11607949;302346;да;0;1;1;5
11559818;302345;да;0;2;1;2
00190855;302344;да;10;21;1;4
00190582;302343;да;2;4;1;3
11608282;302342;да;5;5;1;5
00188372;302341;да;2;6;1;3
00188370;302340;да;1;4;1;2
00188369;302339;да;4;4;1;3
11608427;302338;да;0;1;1;6
00188314;302337;да;5;5;1;3
11608435;302336;нет;0;0;1;0
00188303;302335;да;2;4;1;3
11608440;302334;нет;0;0;1;0
00188236;302333;да;1;1;1;3
00188176;302332;да;3;5;1;3
00199311;302331;да;0;3;1;5
00188151;302330;да;1;3;1;3
00199315;302329;да;0;3;1;5
00188096;302328;да;2;4;1;3
00201356;302327;да;0;2;1;3
00187559;302326;да;0;3;1;5
00201357;302325;да;0;1;1;3
00187487;302324;нет;0;0;1;0
00201360;302323;нет;0;0;1;0
11452201;302322;да;4;2;1;3
11452137;302321;да;7;11;1;3
11452135;302320;да;2;2;1;3
11452081;302319;да;3;5;1;3
11452079;302318;да;2;4;1;4
11450128;302317;да;0;3;1;2
11450090;302316;да;6;1;1;3
11450052;302315;да;4;4;1;3
11450050;302314;да;3;3;1;3
00164173;302313;нет;0;0;1;0
00164171;302312;да;9;4;1;6
00005872;302311;да;0;9;1;5
00162074;302310;да;1;2;1;6
00162073;302309;да;0;2;1;6
00010697;302308;да;0;5;1;5
00159094;302307;да;8;8;1;7
00159092;302306;да;2;5;1;7
28910;302305;да;0;2;1;6
00157129;302304;да;1;0;1;7
00157123;302303;да;0;4;1;7
31570;302302;да;0;2;1;5
00157120;302301;да;6;8;1;7
00157112;302300;да;1;0;1;5
00156677;302299;да;5;3;1;7
00033465;302298;да;1;2;1;7
00156675;302297;да;3;2;1;7
00033474;302296;да;1;2;1;7
00156464;302295;да;4;2;1;11
11119125;302294;да;0;1;1;5
00055385;302293;да;0;3;1;5
11094358;302292;да;0;2;1;6
00066472;302291;да;0;4;1;4
11094357;302290;да;0;2;1;6
11094356;302289;да;0;1;1;6
00146967;302288;нет;0;0;1;0
00146237;302287;да;6;6;1;8
11041398;302286;да;1;1;1;5
00146231;302285;да;3;2;1;10
11046789;302284;да;0;4;1;5
00146230;302283;да;8;7;1;9
11070350;302282;да;1;1;1;5
00146226;302281;да;14;16;1;8
00146200;302280;нет;0;0;1;0
00146057;302279;да;3;16;1;7
00146196;302278;да;1;3;1;8
00146194;302277;да;7;0;1;7
00146192;302276;да;8;0;1;7
11096265;302275;да;0;1;1;1
00146191;302274;да;4;2;1;7
11096266;302273;да;0;1;1;1
00146037;302272;да;3;0;1;7
00152224;302271;да;1;1;1;5
00146036;302270;да;12;1;1;8
11104073;302269;да;0;1;1;4
11078540;302268;да;4;6;1;5
11107136;302267;да;0;1;1;5
11070233;302266;да;2;0;1;5
11068499;302265;да;0;1;1;5
11059670;302264;да;2;2;1;5
11050730;302263;да;0;1;1;6
11042264;302262;да;6;6;1;5
00123435;302261;да;0;1;1;6
11038602;302260;да;0;1;1;14
11038010;302259;да;0;1;1;11
11036002;302258;да;0;1;1;5
00122217;302257;да;6;6;1;5
11012394;302256;да;6;0;1;5
00112402;302255;да;3;3;1;10
00156767;302254;нет;0;0;1;0
11004106;302253;да;1;2;1;5
00156768;302252;да;3;0;1;8
00107728;302251;да;6;6;1;4
00097512;302250;да;0;1;1;5
00097511;302249;да;0;1;1;5
00085919;302248;нет;0;0;1;0
00074207;302247;да;0;1;1;6
00074099;302246;да;0;1;1;5
00074007;302245;да;0;1;1;7
00073879;302244;да;0;1;1;5
00073803;302243;да;0;1;1;5
00073724;302242;да;0;1;1;6
11122848;302241;да;0;1;1;5
00073377;302240;да;0;1;1;5
00159112;302239;да;1;2;1;6
00072231;302238;да;2;0;1;5
00159113;302237;да;6;0;1;7
00042720;302236;да;0;1;1;4
00041073;302235;да;0;4;1;4
00159242;302234;да;5;10;1;6
00037932;302233;да;0;1;1;5
00159244;302232;да;1;2;1;6
11150292;302231;да;2;8;1;5
00034670;302230;да;0;1;1;5
11172107;302229;да;0;1;1;4
00032163;302228;да;6;0;1;6
11262764;302227;да;0;1;1;4
00030649;302226;да;4;8;1;5
40844;302225;да;20;25;1;5
11304974;302224;нет;0;0;1;0
40175;302223;да;1;0;1;7
11349450;302222;да;0;1;1;5
28857;302221;да;0;9;1;5
26948;302220;да;6;6;1;4
11388694;302219;да;1;2;1;5
00016807;302218;да;0;1;1;6
00179834;302217;нет;0;0;1;0
00016774;302216;да;0;3;1;6
00016773;302215;да;0;8;1;5
00016589;302214;да;2;0;1;6
11393928;302213;да;0;1;1;5
00011774;302212;да;1;0;1;5
00181141;302211;да;0;1;1;5
00011771;302210;да;4;0;1;5
11450037;302209;да;0;4;1;3
00011558;302208;да;6;6;1;6
00010718;302207;да;0;1;1;6
00010393;302206;да;0;1;1;14
00010359;302205;да;0;11;1;4
00009307;302204;да;5;0;1;5
00008900;302203;да;2;4;1;6
00007838;302202;да;4;4;1;7
00007311;302201;да;0;4;1;7
00006628;302200;да;1;1;1;11
00006625;302199;да;3;7;1;11
11452076;302198;да;1;0;1;4
00006623;302197;да;1;2;1;6
11452128;302196;да;0;7;1;5
00006495;302195;да;0;2;1;5
00005880;302194;да;0;1;1;5
11452194;302193;да;2;1;1;3
00004972;302192;да;3;5;1;11
11452195;302191;да;3;1;1;3
00004970;302190;да;1;3;1;12
00004943;302189;да;0;2;1;7
11452253;302188;да;1;1;1;4
00004926;302187;да;2;1;1;10
11452254;302186;да;1;2;1;3
00004925;302185;да;1;1;1;7
11452268;302184;да;1;3;1;4
00004151;302183;нет;0;0;1;0
00003162;302182;да;1;1;1;7
11452275;302181;да;1;1;1;4
00002882;302180;нет;0;0;1;0
00188041;302179;да;0;1;1;3
00002877;302178;да;4;1;1;7
00188042;302177;да;0;1;1;3
00002875;302176;да;4;4;1;8
00188102;302175;да;0;1;1;4
00003899;302174;да;1;5;1;7
00003852;302173;да;0;1;1;4
00188146;302172;нет;0;0;1;0
00189600;302171;да;71;0;1;6
00188152;302170;да;0;2;1;3
00189191;302169;да;0;10;1;16
11252194;302168;да;364;17;1;19
00188319;302167;да;0;1;1;4
11252193;302166;да;10;16;1;21
11252190;302165;да;2;4;1;19
00188324;302164;да;0;3;1;3
11252189;302163;да;11;8;1;19
00188376;302162;да;1;1;1;4
00188575;302161;да;1;8;1;3
00193317;302160;да;1;0;1;6
00188754;302159;да;2;5;1;3
00193304;302158;да;2;3;1;6
00188756;302157;да;0;1;1;4
00193303;302156;да;1;2;1;6
11550209;302155;да;1;0;1;7
00196874;302154;да;2;0;1;5
00184247;302153;да;8;8;1;7
00182597;302152;нет;0;0;1;0
00197294;302151;да;29;11;1;7
00197293;302150;да;2;3;1;8
00197292;302149;да;4;0;1;8
00184018;302148;да;20;18;1;9
00182112;302147;да;54;48;1;12
00176253;302146;нет;0;0;1;0
00197349;302145;да;1;0;1;8
00189598;302144;да;67;6;1;6
00190350;302143;да;1;4;1;4
00120280;302142;нет;0;0;1;0
00190351;302141;нет;0;0;1;0
00120278;302140;нет;0;0;1;0
00190428;302139;да;0;1;1;6
00182837;302138;да;53;1;1;12
00191253;302137;да;0;2;1;4
11252197;302136;да;19;14;1;10
00191847;302135;да;0;1;1;5
00117140;302134;да;106;48;1;9
00191854;302133;да;1;1;1;4
00192281;302132;да;1;1;1;3
00200818;302131;да;1;0;1;6
00197550;302130;да;3;5;1;11
11559656;302129;да;0;1;1;3
00197549;302128;да;5;6;1;10
00192077;302127;да;1;0;1;10
00182306;302126;да;1;1;1;7
00182305;302125;да;2;1;1;8
00138262;302124;да;1;0;1;9
00133909;302123;да;1;1;1;6
11595110;302122;нет;0;0;1;0
00198679;302121;да;1;1;1;13
00197300;302120;да;25;18;1;13
00197299;302119;да;10;9;1;13
00181422;302118;да;2;2;1;13
00181421;302117;да;2;2;1;13
11595347;302116;нет;0;0;1;0
00184016;302115;да;2;1;1;12
11252184;302114;да;9;8;1;13
00197312;302113;да;1;3;1;18
11595528;302112;да;0;1;1;6
00197311;302111;да;11;9;1;16
00183103;302110;да;5;8;1;12
00183102;302109;нет;0;0;1;0
00183101;302108;да;1;0;1;12
00183100;302107;да;23;10;1;12
00183097;302106;да;3;0;1;12
00183096;302105;да;9;2;1;12
00183095;302104;да;4;0;1;12
00183094;302103;нет;0;0;1;0
00183093;302102;да;1;0;1;12
00145571;302101;да;2;0;1;14
00106964;302100;да;1;3;1;15
00183131;302099;да;20;7;1;12
00201319;302098;да;3;0;1;23
00201318;302097;да;4;0;1;22
11595785;302096;да;0;1;1;6
00201317;302095;да;4;0;1;22
11595851;302094;да;3;5;1;6
00201316;302093;нет;0;0;1;0
11597842;302092;нет;0;0;1;0
00201315;302091;нет;0;0;1;0
11597856;302090;да;0;2;1;7
00201314;302089;да;6;0;1;20
00201313;302088;да;6;0;1;20
00201312;302087;да;4;0;1;22
00201311;302086;да;2;0;1;21
00201309;302085;да;2;0;1;21
00201308;302084;да;2;2;1;23
00201307;302083;да;1;0;1;22
00201306;302082;да;1;2;1;21
11607610;302081;да;0;1;1;6
00201305;302080;да;0;2;1;21
00201304;302079;да;1;2;1;22
11607660;302078;да;1;1;1;6
00201303;302077;нет;0;0;1;0
00201302;302076;да;2;2;1;21
00201301;302075;да;2;2;1;21
00201300;302074;да;2;2;1;22
00201265;302073;да;8;12;1;22
11607734;302072;нет;0;0;1;0
00201264;302071;да;5;8;1;22
11607929;302070;да;1;1;1;7
11607944;302069;да;4;3;1;6
00201262;302068;да;1;1;1;19
00201261;302067;да;6;12;1;19
00201260;302066;да;8;8;1;19
00201259;302065;да;8;12;1;19
00201258;302064;нет;0;0;1;0
00201257;302063;да;18;0;1;19
00201256;302062;да;17;0;1;19
00201255;302061;да;2;0;1;22
00201254;302060;да;2;2;1;21
00201253;302059;да;4;0;1;23
00201252;302058;да;6;4;1;22
11608141;302057;да;0;1;1;7
00201251;302056;да;3;6;1;22
00201250;302055;да;10;2;1;21
00201359;302054;да;0;3;1;2
00201248;302053;да;8;0;1;18
00201247;302052;нет;0;0;1;0
00016759;302051;да;0;3;1;5
00201246;302050;нет;0;0;1;0
00201245;302049;да;10;0;1;18
27423;302048;да;0;1;1;7
00201244;302047;да;8;0;1;18
00201243;302046;да;1;0;1;21
00201242;302045;да;4;0;1;18
00201241;302044;да;3;0;1;18
00200545;302043;да;2;1;1;22
00199682;302042;да;1;0;1;22
00045818;302041;да;2;10;1;5
00199680;302040;да;1;0;1;22
00058051;302039;да;0;1;1;5
00199676;302038;да;1;0;1;17
00065216;302037;да;12;20;1;5
00199448;302036;да;4;1;1;22
00068411;302035;да;4;13;1;5
00198988;302034;да;1;0;1;22
00198987;302033;нет;0;0;1;0
00069056;302032;да;4;4;1;5
00196133;302031;нет;0;0;1;0
00194251;302030;да;3;0;1;26
00107731;302029;да;6;0;1;5
00193202;302028;да;2;2;1;25
11022984;302027;да;1;2;1;5
00193201;302026;да;2;4;1;26
11031320;302025;да;1;10;1;5
11043047;302024;да;0;1;1;6
00193188;302023;да;4;0;1;25
11058360;302022;да;1;3;1;5
00189673;302021;да;1;0;1;26
11067481;302020;да;0;1;1;5
00184407;302019;да;1;0;1;28
11067482;302018;да;0;1;1;5
00184405;302017;да;7;0;1;25
11067483;302016;да;0;1;1;5
00184403;302015;да;2;2;1;25
00184402;302014;да;4;0;1;25
11077452;302013;да;0;2;1;5
00184401;302012;да;11;6;1;25
11086781;302011;да;12;12;1;5
00184400;302010;да;4;5;1;25
11092918;302009;нет;0;0;1;0
00184398;302008;да;0;2;1;26
00184397;302007;да;9;8;1;24
00159518;302006;нет;0;0;1;0
00184396;302005;да;1;0;1;24
00159527;302004;да;1;1;1;5
00184395;302003;да;7;1;1;24
11159063;302002;нет;0;0;1;0
00184394;302001;нет;0;0;1;0
00184392;302000;да;8;7;1;25
00163169;301999;да;4;8;1;5
00184389;301998;да;2;0;1;28
11356478;301997;да;0;1;1;5
00182010;301996;да;1;0;1;25
00182009;301995;да;1;0;1;24
00182008;301994;да;2;0;1;25
11432135;301993;да;0;1;1;4
00178242;301992;да;0;20;1;21
00184477;301991;да;0;1;1;6
00200294;301990;нет;0;0;1;0
11450121;301989;нет;0;0;1;0
00182216;301988;да;0;1;1;6
11452064;301987;да;2;5;1;4
00161751;301986;нет;0;0;1;0
11452065;301985;да;2;3;1;4
00161750;301984;нет;0;0;1;0
11452129;301983;да;7;3;1;4
11452130;301982;да;11;4;1;4
00153135;301981;да;0;3;1;10
11452192;301980;да;3;7;1;4
00153129;301979;да;1;4;1;9
11452193;301978;да;4;6;1;4
00202054;301977;да;3;4;1;18
11452250;301976;да;2;7;1;4
00202053;301975;да;5;2;1;17
11452252;301974;да;3;4;1;4
00202052;301973;да;6;4;1;15
11452269;301972;да;3;5;1;4
00202051;301971;да;4;2;1;14
00202050;301970;да;1;1;1;14
00202049;301969;да;5;5;1;18
00188137;301968;да;2;6;1;4
00202048;301967;да;3;3;1;17
00202045;301966;да;10;10;1;18
00202044;301965;да;46;20;1;16
00200162;301964;да;7;5;1;15
00188171;301963;да;0;1;1;4
00200161;301962;да;19;8;1;15
00188226;301961;да;1;3;1;4
00200160;301960;да;8;4;1;11
00200159;301959;да;6;4;1;14
00200157;301958;да;6;4;1;15
00199064;301957;да;0;24;1;16
00188248;301956;да;1;1;1;3
00198965;301955;да;5;9;1;16
00198961;301954;да;29;20;1;16
00198951;301953;да;31;20;1;15
00188298;301952;да;1;1;1;3
00198944;301951;да;10;23;1;13
00198943;301950;да;15;20;1;13
00188327;301949;да;0;8;1;4
00198936;301948;да;10;7;1;16
00188573;301947;нет;0;0;1;0
00198935;301946;да;10;5;1;16
00188574;301945;да;1;7;1;4
00198934;301944;да;6;10;1;15
00188759;301943;да;1;4;1;4
00198933;301942;да;18;18;1;16
00198932;301941;да;22;25;1;14
00198929;301940;да;6;5;1;15
00198926;301939;да;26;20;1;16
00198923;301938;да;15;10;1;15
00198917;301937;да;5;5;1;15
00198916;301936;да;21;20;1;14
00198912;301935;да;26;0;1;14
00198911;301934;да;26;25;1;15
00198909;301933;да;10;5;1;16
00197336;301932;да;1;0;1;16
00197333;301931;да;7;6;1;17
00197332;301930;да;8;0;1;16
00197331;301929;нет;0;0;1;0
11559831;301928;да;0;1;1;3
00197330;301927;да;5;5;1;15
11559844;301926;да;0;2;1;3
00197329;301925;да;22;5;1;16
11562372;301924;да;0;1;1;3
00197328;301923;да;26;8;1;16
00197327;301922;да;25;10;1;16
00197326;301921;да;25;10;1;18
00194170;301920;да;8;8;1;21
00185162;301919;да;2;1;1;21
00185160;301918;да;50;5;1;20
11595387;301917;да;1;2;1;7
00182569;301916;да;0;21;1;22
00178243;301915;да;66;1;1;19
11607624;301914;да;2;3;1;5
00177292;301913;да;91;69;1;19
00177139;301912;да;29;18;1;22
11607914;301911;да;3;5;1;4
00117876;301910;да;10;18;1;17
00006524;301909;нет;0;0;1;0
11589486;301908;нет;0;0;1;0
29750;301907;нет;0;0;1;0
00172473;301906;да;5;3;1;25
40297;301905;да;0;1;1;9
11589265;301904;да;0;1;1;55
00034969;301903;нет;0;0;1;0
00039795;301902;да;1;0;1;5
11541949;301901;нет;0;0;1;0
00042981;301900;да;0;1;1;6
00183973;301899;да;0;1;1;46
00065657;301898;да;0;1;1;5
00025018;301897;да;0;1;1;6
00180158;301896;да;7;4;1;53
00178099;301895;да;1;0;1;53
00082113;301894;да;2;5;1;5
00175655;301893;да;3;2;1;47
00172471;301892;да;3;2;1;37
00094116;301891;да;0;1;1;5
00172470;301890;да;0;1;1;40
00107788;301889;нет;0;0;1;0
00172464;301888;да;5;5;1;53
00114137;301887;да;0;1;1;2
00172462;301886;да;17;13;1;50
00121772;301885;да;1;1;1;6
00172461;301884;да;3;2;1;47
00162565;301883;да;5;2;1;61
11051018;301882;да;19;24;1;5
00197465;301881;нет;0;0;1;0
11065015;301880;да;0;1;1;5
00197464;301879;да;0;53;1;25
11072801;301878;да;9;25;1;5
11589481;301877;да;6;3;1;31
11589480;301876;да;11;7;1;24
11589478;301875;да;13;12;1;31
11589477;301874;да;17;4;1;24
11589475;301873;да;9;6;1;31
11589474;301872;да;2;2;1;31
11106032;301871;нет;0;0;1;0
11589470;301870;да;3;5;1;31
11589468;301869;нет;0;0;1;0
00192406;301868;да;33;21;1;30
11541942;301867;да;6;3;1;18
00175660;301866;да;2;2;1;26
11122571;301865;да;0;2;1;2
00174316;301864;да;3;2;1;22
00174315;301863;да;0;1;1;20
11135728;301862;да;0;1;1;5
00174313;301861;да;17;5;1;21
00172485;301860;да;2;1;1;23
00172484;301859;да;0;3;1;24
00159467;301858;нет;0;0;1;0
00172481;301857;да;2;2;1;29
00172480;301856;да;10;10;1;24
11143212;301855;да;3;6;1;5
00172478;301854;да;1;0;1;22
11147923;301853;да;1;2;1;5
00172476;301852;нет;0;0;1;0
00172475;301851;нет;0;0;1;0
00165544;301850;да;9;5;1;6
00172474;301849;да;3;2;1;26
11229154;301848;да;0;1;1;6
00180161;301847;да;1;0;1;43
11262240;301846;да;1;3;1;7
11275678;301845;нет;0;0;1;0
00175657;301844;да;2;0;1;29
11323624;301843;да;0;1;1;5
11392899;301842;да;1;0;1;5
11450082;301841;да;3;1;1;4
00172486;301840;да;3;1;1;25
00197338;301839;да;2;0;1;42
11450099;301838;да;1;2;1;3
00182004;301837;да;1;0;1;41
00182003;301836;да;3;2;1;43
00182002;301835;да;2;1;1;42
00201837;301834;нет;0;0;1;0
00201832;301833;нет;0;0;1;0
00200631;301832;нет;0;0;1;0
00200625;301831;нет;0;0;1;0
00200260;301830;нет;0;0;1;0
00200258;301829;нет;0;0;1;0
00200257;301828;нет;0;0;1;0
00200253;301827;нет;0;0;1;0
00200250;301826;нет;0;0;1;0
11452090;301825;да;1;0;1;3
11589259;301824;да;5;6;1;40
00192131;301823;нет;0;0;1;0
11452094;301822;нет;0;0;1;0
00192123;301821;да;11;8;1;35
11541938;301820;нет;0;0;1;0
11541937;301819;да;13;8;1;37
11541935;301818;да;3;1;1;38
11541934;301817;нет;0;0;1;0
11541932;301816;да;2;1;1;40
11452150;301815;да;2;1;1;3
00189175;301814;да;0;2;1;33
00185790;301813;да;37;14;1;38
00178984;301812;да;7;4;1;38
11452181;301811;нет;0;0;1;0
00172459;301810;да;4;3;1;36
11452206;301809;да;0;3;1;3
00172456;301808;да;7;4;1;40
11452209;301807;да;2;4;1;3
00168350;301806;да;7;8;1;41
00180898;301805;нет;0;0;1;0
00180897;301804;нет;0;0;1;0
00180896;301803;нет;0;0;1;0
00176683;301802;нет;0;0;1;0
00188181;301801;да;1;1;1;3
00200934;301800;нет;0;0;1;0
00188256;301799;да;0;3;1;3
00198399;301798;нет;0;0;1;0
00198398;301797;да;2;0;1;12
00188259;301796;да;2;2;1;3
00198396;301795;нет;0;0;1;0
00198394;301794;да;7;0;1;12
00188716;301793;да;1;1;1;3
00198393;301792;да;17;15;1;12
00198392;301791;нет;0;0;1;0
00198391;301790;нет;0;0;1;0
00198390;301789;да;3;0;1;12
00198389;301788;да;4;1;1;12
00198388;301787;да;1;2;1;12
00198387;301786;да;4;0;1;11
00198386;301785;да;6;0;1;11
00197906;301784;нет;0;0;1;0
00179491;301783;да;5;0;1;19
00179490;301782;нет;0;0;1;0
00191245;301781;да;0;1;1;4
00179486;301780;да;2;1;1;19
00191850;301779;да;0;1;1;3
00179485;301778;нет;0;0;1;0
00179483;301777;да;6;0;1;19
00120317;301776;да;2;2;1;11
00120316;301775;да;4;0;1;11
00120315;301774;да;6;2;1;12
00120312;301773;да;38;30;1;19
00192549;301772;да;0;4;1;2
00120311;301771;да;107;63;1;21
00120310;301770;да;2;2;1;23
00192554;301769;да;0;1;1;2
11558834;301768;да;0;2;1;2
00030301;301767;да;4;6;1;19
11558836;301766;да;0;1;1;2
00030300;301765;да;0;2;1;19
00101033;301764;нет;0;0;1;0
11561750;301763;да;0;1;1;3
00165345;301762;нет;0;0;1;0
00162241;301761;да;4;2;1;23
00162240;301760;да;0;2;1;24
00162239;301759;да;3;2;1;23
00194132;301758;да;1;2;1;12
00186951;301757;нет;0;0;1;0
00185309;301756;да;4;2;1;5
11595611;301755;нет;0;0;1;0
00185308;301754;да;11;1;1;5
00190382;301753;да;0;1;1;6
00162242;301752;да;2;2;1;9
11595823;301751;да;1;1;1;7
00153115;301750;нет;0;0;1;0
11595825;301749;да;1;1;1;6
00087219;301748;да;0;1;1;6
00188690;301747;да;1;2;1;10
00188683;301746;нет;0;0;1;0
00188682;301745;да;2;3;1;8
00185305;301744;да;4;2;1;13
00185166;301743;да;3;0;1;11
00185165;301742;да;4;11;1;13
00176607;301741;да;1;3;1;10
00176606;301740;нет;0;0;1;0
11607692;301739;нет;0;0;1;0
00176605;301738;нет;0;0;1;0
00175684;301737;да;2;2;1;12
11607966;301736;да;0;1;1;4
00175683;301735;да;2;1;1;12
11607967;301734;нет;0;0;1;0
00175682;301733;да;1;0;1;12
11608127;301732;да;1;0;1;4
00175681;301731;да;2;1;1;12
11608131;301730;да;1;0;1;4
00175680;301729;да;4;3;1;11
00175679;301728;да;5;3;1;11
11608278;301727;да;0;1;1;4
00175678;301726;да;9;4;1;11
00175677;301725;да;15;5;1;11
00197544;301724;да;2;3;1;4
00153116;301723;да;2;1;1;8
00113948;301722;да;2;5;1;10
00001908;301721;да;0;1;1;5
00075782;301720;да;9;0;1;10
00004856;301719;нет;0;0;1;0
00200348;301718;да;5;3;1;5
00004859;301717;да;0;3;1;6
00005656;301716;нет;0;0;1;0
00195300;301715;да;0;1;1;4
00036378;301714;да;0;1;1;5
00066365;301713;да;0;6;1;4
00188414;301712;да;1;0;1;9
00066388;301711;да;0;2;1;4
00186571;301710;да;22;8;1;10
00066410;301709;да;0;2;1;6
00186570;301708;да;10;8;1;11
00066413;301707;да;0;2;1;4
00180713;301706;нет;0;0;1;0
00066429;301705;да;0;4;1;4
00180712;301704;да;0;1;1;5
00066430;301703;да;0;4;1;4
00066452;301702;да;0;1;1;4
00179677;301701;да;1;1;1;8
00066453;301700;да;0;2;1;4
00066455;301699;да;0;2;1;5
00179215;301698;да;1;0;1;4
00066457;301697;да;0;2;1;5
00179214;301696;да;1;1;1;4
00066459;301695;да;0;6;1;4
00066460;301694;да;0;1;1;4
00179208;301693;да;0;1;1;5
00066463;301692;да;0;2;1;4
00066464;301691;да;0;10;1;4
00166871;301690;да;1;4;1;10
00165998;301689;да;3;3;1;10
00160163;301688;да;0;5;1;8
00066496;301687;да;0;2;1;8
00111414;301686;да;0;6;1;24
00066498;301685;да;0;4;1;5
00199401;301684;да;5;7;1;6
00066513;301683;да;0;2;1;4
00066516;301682;да;0;7;1;6
00066518;301681;да;0;2;1;5
00066519;301680;да;0;4;1;5
11129229;301679;да;0;1;1;5
00184436;301678;нет;0;0;1;0
00159637;301677;да;0;4;1;5
00184435;301676;да;2;3;1;8
00187447;301675;да;7;52;1;11
11167110;301674;да;0;1;1;5
00179120;301673;да;10;44;1;11
00179116;301672;нет;0;0;1;0
11323539;301671;да;0;1;1;2
00177580;301670;да;52;27;1;8
11327715;301669;да;0;1;1;5
00177579;301668;да;46;28;1;8
11392988;301667;да;0;1;1;6
00195681;301666;да;42;47;1;3
11589548;301665;нет;0;0;1;0
00180936;301664;да;0;1;1;2
11589542;301663;да;6;20;1;11
11404604;301662;да;1;1;1;5
11589540;301661;да;13;21;1;9
11589537;301660;да;1;0;1;10
11589536;301659;нет;0;0;1;0
11452257;301658;да;3;3;1;4
11541946;301657;да;5;3;1;6
11541945;301656;да;3;0;1;7
00180157;301655;да;19;17;1;7
00142529;301654;да;1;1;1;11
00199051;301653;да;1;0;1;16
00161206;301652;да;18;22;1;17
00161205;301651;да;3;0;1;16
11595402;301650;да;0;2;1;6
11595429;301649;да;1;2;1;6
11595842;301648;да;1;0;1;6
11595852;301647;нет;0;0;1;0
11595867;301646;нет;0;0;1;0
00197547;301645;да;1;2;1;4
00128434;301644;да;2;2;1;10
00165909;301643;нет;0;0;1;0
00138901;301642;да;0;7;1;18
00170050;301641;нет;0;0;1;0
00138898;301640;нет;0;0;1;0
00138897;301639;нет;0;0;1;0
00002122;301638;да;0;1;1;5
00138895;301637;да;0;5;1;20
00187678;301636;нет;0;0;1;0
00187677;301635;нет;0;0;1;0
00013540;301634;да;0;1;1;6
00014330;301633;да;0;1;1;6
00141846;301632;нет;0;0;1;0
00016074;301631;да;0;1;1;5
00141845;301630;нет;0;0;1;0
00016976;301629;да;2;4;1;6
00189561;301628;да;1;5;1;7
00045802;301627;нет;0;0;1;0
00186100;301626;да;7;4;1;7
00045803;301625;нет;0;0;1;0
00045805;301624;нет;0;0;1;0
00181716;301623;нет;0;0;1;0
00045825;301622;нет;0;0;1;0
00181715;301621;да;1;0;1;5
00045826;301620;нет;0;0;1;0
00181704;301619;да;1;0;1;6
00045833;301618;нет;0;0;1;0
00181703;301617;да;14;8;1;6
00049546;301616;нет;0;0;1;0
00181702;301615;да;5;3;1;7
11538659;301614;да;0;1;1;8
00056407;301613;да;0;1;1;5
00175698;301612;да;2;2;1;9
00022191;301611;да;1;3;1;5
00175697;301610;да;4;3;1;9
00073545;301609;да;2;3;1;6
00199409;301608;да;0;1;1;5
00074910;301607;да;0;1;1;6
11627516;301606;да;0;1;1;5
00104154;301605;да;1;2;1;5
00198245;301604;нет;0;0;1;0
00107874;301603;да;4;7;1;9
00197927;301602;да;0;1;1;3
00113052;301601;да;0;1;1;6
00197926;301600;да;0;1;1;3
11023666;301599;да;0;1;1;5
00193228;301598;да;1;1;1;5
00193227;301597;да;1;1;1;6
00020349;301596;нет;0;0;1;0
00193225;301595;да;0;2;1;5
00020471;301594;нет;0;0;1;0
00193224;301593;да;1;2;1;5
11031980;301592;да;0;1;1;6
00190766;301591;да;0;1;1;5
11036743;301590;да;1;0;1;5
00188858;301589;да;1;1;1;5
11050806;301588;да;0;1;1;4
00178847;301587;да;0;1;1;4
00177589;301586;да;2;7;1;6
11070736;301585;нет;0;0;1;0
00177588;301584;да;3;5;1;6
11086767;301583;да;0;6;1;5
00174793;301582;да;1;0;1;5
00174243;301581;да;21;0;1;7
00156658;301580;да;0;1;1;7
00174242;301579;да;77;70;1;7
00156659;301578;да;1;1;1;7
00174241;301577;нет;0;0;1;0
00156669;301576;да;8;5;1;7
00174239;301575;да;4;2;1;7
00156670;301574;да;11;4;1;7
00174222;301573;да;1;1;1;12
00156734;301572;да;5;2;1;7
00174221;301571;да;2;1;1;12
00156735;301570;да;13;9;1;7
00174220;301569;да;0;1;1;12
00156877;301568;да;10;6;1;7
00174217;301567;да;1;0;1;9
00174216;301566;да;3;8;1;9
00156879;301565;да;4;0;1;7
00174215;301564;да;14;14;1;9
00156880;301563;да;5;0;1;7
00174211;301562;да;5;3;1;5
00156881;301561;да;0;2;1;7
00174209;301560;да;0;1;1;6
00156903;301559;да;8;4;1;7
00174208;301558;нет;0;0;1;0
00174206;301557;да;0;1;1;6
00173028;301556;да;1;2;1;5
00173027;301555;нет;0;0;1;0
00159100;301554;нет;0;0;1;0
00173025;301553;да;2;1;1;5
00173024;301552;нет;0;0;1;0
00159102;301551;да;1;2;1;7
00173023;301550;да;4;0;1;5
00171084;301549;да;6;0;1;7
00193226;301548;да;3;2;1;10
00159106;301547;да;6;1;1;7
00182030;301546;да;3;2;1;11
00159107;301545;нет;0;0;1;0
00173018;301544;да;1;0;1;11
00159111;301543;да;1;1;1;6
00173017;301542;да;2;0;1;11
00173014;301541;нет;0;0;1;0
00159216;301540;да;0;2;1;7
11257976;301539;нет;0;0;1;0
00199406;301538;нет;0;0;1;0
00199405;301537;нет;0;0;1;0
00159219;301536;нет;0;0;1;0
00177335;301535;нет;0;0;1;0
00159220;301534;да;4;2;1;7
00174247;301533;да;7;3;1;9
00159221;301532;да;3;5;1;7
00174246;301531;да;2;3;1;8
00159223;301530;да;0;1;1;7
00174245;301529;да;2;2;1;7
00159229;301528;да;0;2;1;7
00174235;301527;да;1;0;1;8
00159245;301526;да;8;14;1;6
00174234;301525;да;4;14;1;9
00159252;301524;да;0;8;1;7
00159253;301523;да;0;1;1;7
00174230;301522;да;9;0;1;9
00159262;301521;да;6;4;1;7
00174228;301520;да;2;0;1;8
00159281;301519;да;3;4;1;7
00174226;301518;да;17;13;1;8
00159319;301517;да;0;1;1;7
00173029;301516;да;2;2;1;8
00174196;301515;нет;0;0;1;0
00159339;301514;да;2;3;1;7
00174201;301513;да;0;1;1;13
11145847;301512;да;0;1;1;5
00199633;301511;нет;0;0;1;0
00199632;301510;нет;0;0;1;0
00161575;301509;нет;0;0;1;0
11614900;301508;нет;0;0;1;0
11162888;301507;да;0;2;1;5
11614898;301506;да;1;0;1;5
11614897;301505;да;8;2;1;4
00163328;301504;да;0;1;1;4
11614896;301503;да;1;5;1;5
00163678;301502;да;1;1;1;5
11614895;301501;нет;0;0;1;0
11614894;301500;да;2;13;1;8
00163684;301499;нет;0;0;1;0
11614893;301498;да;2;0;1;5
00190897;301497;нет;0;0;1;0
00164166;301496;да;3;3;1;7
00179862;301495;нет;0;0;1;0
00164176;301494;да;5;3;1;6
00179860;301493;нет;0;0;1;0
11241522;301492;да;0;1;1;2
00176396;301491;да;1;0;1;7
00175258;301490;да;5;9;1;5
11342716;301489;нет;0;0;1;0
00175257;301488;нет;0;0;1;0
11357140;301487;да;0;1;1;6
00175254;301486;нет;0;0;1;0
11364750;301485;да;1;3;1;5
00179545;301484;да;3;5;1;5
00175250;301483;нет;0;0;1;0
00179832;301482;да;5;3;1;6
00175243;301481;да;2;2;1;6
00179837;301480;да;1;1;1;6
00170036;301479;да;1;3;1;7
00165605;301478;да;4;7;1;6
00181274;301477;да;1;3;1;5
00165602;301476;да;0;2;1;6
11450031;301475;да;0;1;1;4
00165601;301474;да;6;0;1;6
11450036;301473;да;1;10;1;3
00165600;301472;да;2;2;1;7
11450041;301471;нет;0;0;1;0
00165581;301470;нет;0;0;1;0
11450045;301469;да;3;1;1;4
00193223;301468;да;1;1;1;9
11450048;301467;нет;0;0;1;0
00193222;301466;да;1;2;1;9
11450119;301465;да;0;1;1;4
00190002;301464;да;1;0;1;7
11450120;301463;да;0;1;1;6
11452040;301462;да;1;0;1;3
11452062;301461;да;0;2;1;3
00173030;301460;да;3;2;1;8
11452071;301459;да;0;1;1;4
00159940;301458;да;69;54;1;7
11452075;301457;да;1;3;1;3
00056457;301456;да;699;0;1;12
11452077;301455;да;1;2;1;3
00196329;301454;да;0;3;1;24
11452078;301453;да;0;1;1;3
00195678;301452;да;0;134;1;19
11452120;301451;нет;0;0;1;0
00193182;301450;да;6;3;1;32
11452124;301449;да;2;0;1;4
00192613;301448;да;1;0;1;15
11452131;301447;да;0;1;1;3
00192612;301446;да;6;5;1;15
11452180;301445;да;0;1;1;3
11452196;301444;да;1;1;1;3
00190655;301443;нет;0;0;1;0
11452198;301442;да;4;1;1;3
00190653;301441;да;1;0;1;13
11452199;301440;нет;0;0;1;0
00196854;301439;да;5;0;1;8
11452203;301438;да;0;4;1;3
00196851;301437;нет;0;0;1;0
11452212;301436;да;2;0;1;3
11452255;301435;да;0;2;1;3
11452274;301434;да;0;2;1;3
11452276;301433;да;0;1;1;3
11608434;301432;да;0;1;1;4
11452285;301431;да;2;4;1;5
11608385;301430;да;1;1;1;4
11452286;301429;да;2;4;1;3
11608373;301428;да;2;3;1;4
11452288;301427;да;1;6;1;3
11608351;301426;да;2;0;1;4
11452289;301425;да;0;2;1;3
11608339;301424;да;1;3;1;4
00185606;301423;да;1;1;1;3
00186072;301422;да;0;2;1;5
11607984;301421;да;2;2;1;4
00188047;301420;да;0;1;1;3
11607928;301419;да;1;1;1;4
00188048;301418;да;0;1;1;3
11607921;301417;да;1;2;1;4
00188091;301416;да;1;0;1;4
11607912;301415;да;1;2;1;4
00188089;301414;да;1;0;1;3
11607877;301413;да;1;0;1;4
00188104;301412;да;1;1;1;3
11607856;301411;да;1;1;1;4
00188105;301410;да;1;1;1;3
11607751;301409;да;0;2;1;4
00188194;301408;нет;0;0;1;0
11607708;301407;да;0;1;1;4
00188195;301406;да;0;1;1;3
11607614;301405;да;1;1;1;4
00188224;301404;да;0;1;1;3
11607586;301403;да;1;1;1;4
00188315;301402;нет;0;0;1;0
11596055;301401;да;4;1;1;6
00188317;301400;нет;0;0;1;0
11595847;301399;нет;0;0;1;0
11595203;301398;нет;0;0;1;0
00188343;301397;да;1;2;1;3
00188318;301396;да;1;4;1;3
00188576;301395;да;1;1;1;3
11450039;301394;да;2;5;1;3
00188577;301393;да;0;1;1;3
11450021;301392;нет;0;0;1;0
11382875;301391;да;0;1;0;0
00188642;301390;да;2;1;1;3
11299495;301389;да;0;7;1;4
00188645;301388;да;0;1;1;4
00048494;301387;да;0;1;1;4
00188747;301386;да;0;6;1;3
00188748;301385;да;0;4;1;3
11608315;301384;нет;0;0;1;0
00189458;301383;нет;0;0;1;0
11608137;301382;нет;0;0;1;0
11607986;301381;да;0;1;1;5
00191251;301380;да;0;1;1;3
11607938;301379;да;0;3;1;5
00191252;301378;да;0;2;1;3
11607782;301377;да;1;1;1;6
00191258;301376;да;0;2;1;3
11607781;301375;да;4;4;1;5
00191852;301374;да;3;7;1;4
11607774;301373;да;6;3;1;6
11607619;301372;да;1;2;1;5
00192253;301371;да;0;6;1;3
11607605;301370;да;2;1;1;6
11607575;301369;да;0;1;1;5
00192311;301368;да;0;1;1;5
11607543;301367;да;1;3;1;4
00192316;301366;нет;0;0;1;0
11597952;301365;нет;0;0;1;0
11595707;301364;да;2;2;1;5
11559283;301363;нет;0;0;0;0
11560778;301362;да;2;6;1;3
11450046;301361;да;0;1;1;3
11399194;301360;да;4;3;1;6
11562314;301359;нет;0;0;1;0
11291685;301358;да;0;6;1;6
00194945;301357;да;1;3;1;3
11183350;301356;нет;0;0;1;0
00195182;301355;да;0;4;1;2
11152240;301354;да;1;0;1;6
11595310;301353;да;4;2;1;7
00157194;301352;да;11;7;1;9
11595312;301351;да;1;2;1;6
00044348;301350;да;0;1;1;12
11595373;301349;да;2;5;1;6
11595376;301348;да;1;0;1;6
00146217;301347;да;17;21;1;11
11595447;301346;да;1;0;1;6
00097828;301345;да;0;2;1;3
00199319;301344;нет;0;0;1;0
11595450;301343;да;6;3;1;7
11595524;301342;нет;0;0;1;0
00196894;301341;да;1;4;1;10
11595541;301340;да;15;7;1;6
00193769;301339;да;18;6;1;10
11595542;301338;да;1;1;1;6
00192042;301337;да;2;0;1;13
11595543;301336;да;2;0;1;6
00189218;301335;да;4;14;1;13
11595544;301334;да;0;2;1;6
00182831;301333;да;71;35;1;11
11595604;301332;нет;0;0;1;0
00179958;301331;да;5;0;1;9
11595605;301330;да;0;1;1;6
00179957;301329;да;5;0;1;9
11595606;301328;да;3;0;1;6
00179956;301327;да;10;5;1;7
11595607;301326;да;0;1;1;6
00120306;301325;да;0;5;1;10
11595703;301324;да;1;3;1;6
00056462;301323;да;45;0;1;14
11595721;301322;да;1;2;1;6
00056455;301321;да;4;8;1;14
11595722;301320;да;0;1;1;6
11595754;301319;нет;0;0;1;0
11595755;301317;да;2;3;1;6
11597858;301315;да;0;2;1;6
11597870;301313;да;4;3;1;6
00195835;301312;да;1;0;1;3
00199833;301311;да;0;4;1;9
00196259;301310;да;0;2;1;2
00199832;301309;нет;0;0;1;0
11607552;301308;да;0;1;1;7
11607641;301306;да;0;1;1;9
11607735;301304;да;1;1;1;7
00198506;301303;нет;0;0;1;0
11608146;301302;да;0;3;1;6
00198504;301301;нет;0;0;1;0
11608149;301300;да;6;4;1;6
00198502;301299;да;13;4;1;13
11608177;301298;да;0;1;1;9
00198501;301297;нет;0;0;1;0
11608191;301296;нет;0;0;1;0
00198497;301295;да;0;5;1;13
11608231;301294;да;0;1;1;6
00198490;301293;нет;0;0;1;0
00183174;301292;нет;0;0;1;0
00183173;301291;да;15;11;1;18
00179951;301290;да;11;0;1;19
00177121;301289;да;0;8;1;17
11608405;301288;да;0;1;1;6
11608444;301287;да;4;2;1;7
00197521;301286;нет;0;0;1;0
00199249;301285;да;0;1;1;1
00199416;301284;нет;0;0;1;0
00174606;301283;да;23;13;1;19
00201337;301282;да;0;2;1;2
00174603;301281;нет;0;0;1;0
00201338;301280;нет;0;0;1;0
00201339;301279;да;0;3;1;2
00174589;301278;да;10;1;1;18
00201340;301277;да;0;1;1;2
11176233;301276;да;0;1;1;4
00174585;301275;да;17;10;1;18
11336848;301274;да;0;2;1;5
00174584;301273;да;8;0;1;18
00174580;301272;да;29;8;1;18
00174578;301271;нет;0;0;1;0
00176764;301270;да;0;8;1;5
00174575;301269;нет;0;0;1;0
11364749;301268;да;3;4;1;6
00174563;301267;да;15;10;1;18
11375049;301266;да;1;1;1;5
00174562;301265;да;19;7;1;18
00174561;301264;да;22;11;1;18
11375791;301263;да;1;1;1;5
00174560;301262;да;10;8;1;18
11375793;301261;да;5;5;1;5
00173520;301260;нет;0;0;1;0
11375794;301259;да;1;2;1;5
00173514;301258;нет;0;0;1;0
11375795;301257;да;2;4;1;5
11208005;301256;да;0;1;1;16
11375796;301255;да;2;8;1;5
11375797;301253;да;1;1;1;5
11375799;301251;да;2;6;1;5
00188654;301250;да;9;7;1;23
11375800;301249;да;1;1;1;4
00183616;301248;да;3;0;1;20
11375801;301247;да;3;3;1;5
00183567;301246;да;1;0;1;19
00179544;301245;да;3;6;1;5
00183566;301244;да;3;3;1;22
11399012;301243;да;1;0;1;6
00183563;301242;да;1;1;1;22
00183561;301241;да;1;2;1;22
00182333;301240;да;4;6;1;24
00181265;301239;нет;0;0;1;0
00182332;301238;да;1;1;1;25
00181272;301237;да;0;2;1;4
00182331;301236;да;2;4;1;17
00181273;301235;да;0;1;1;4
00182329;301234;да;1;1;1;19
00184476;301233;нет;0;0;1;0
00182327;301232;да;3;0;1;16
11542423;301231;да;2;1;1;4
00191506;301229;да;2;2;1;4
00192397;301226;да;0;1;1;3
00182318;301223;да;1;0;1;26
00193451;301222;да;0;1;1;5
00182317;301221;да;1;1;1;17
00198472;301220;да;2;1;1;4
00167144;301216;да;12;16;1;19
11085131;301215;да;0;2;1;4
00162042;301213;да;1;0;1;16
00162041;301212;да;3;2;1;19
00157097;301211;да;16;7;1;9
00162039;301210;да;9;7;1;17
00157152;301209;да;4;2;1;7
00162035;301208;да;2;1;1;18
00155087;301207;да;9;4;1;20
00159246;301206;да;9;5;1;6
00155086;301205;да;36;46;1;21
00155083;301204;да;18;12;1;20
00159249;301203;да;4;5;1;6
00155082;301202;да;12;5;1;19
00155076;301201;да;1;2;1;22
11595800;301200;да;3;3;1;6
11272558;301199;да;0;1;1;2
11542422;301198;да;4;2;1;4
11450083;301197;да;1;0;1;3
00188644;301196;да;0;4;1;4
11452083;301195;да;0;1;1;4
11035316;301194;нет;0;0;1;0
11452122;301193;нет;0;0;1;0
11542420;301192;да;1;7;1;9
11452186;301191;да;0;1;1;3
11542419;301190;нет;0;0;1;0
11452283;301189;да;0;1;1;3
11542418;301188;да;4;3;1;9
11452284;301187;нет;0;0;1;0
00190342;301186;нет;0;0;1;0
00188124;301185;да;0;1;1;3
00189911;301184;нет;0;0;1;0
00189907;301183;нет;0;0;1;0
00189905;301182;да;1;3;1;18
00189903;301181;да;13;0;1;17
11452086;301180;да;0;1;1;6
11452084;301179;нет;0;0;1;0
00181942;301178;да;1;0;1;16
00181940;301177;да;3;2;1;17
00191244;301176;да;0;1;1;4
00045296;301175;да;12;4;1;9
11560568;301174;да;0;1;1;3
11560786;301173;да;0;40;1;3
00011822;301172;да;0;6;1;6
00012100;301171;да;0;1;1;5
00033619;301170;да;1;3;1;7
00053146;301169;да;0;1;1;7
00073883;301168;да;1;0;1;7
11054799;301167;да;1;12;1;4
11061997;301166;да;0;1;1;5
11070385;301165;да;0;1;1;5
11084882;301164;да;0;1;1;5
11085845;301163;да;0;1;1;7
11129197;301162;да;0;1;1;5
00165541;301161;да;4;2;1;9
11242266;301160;нет;0;0;1;0
11411781;301159;да;1;1;1;4
11411782;301158;да;1;1;1;4
11450079;301157;нет;0;0;1;0
11452063;301156;да;0;1;1;3
00188113;301155;да;1;0;1;3
00188122;301154;да;1;1;1;3
00188189;301153;да;1;0;1;3
00188266;301152;да;1;1;1;1
00188778;301151;да;1;1;1;3
00188779;301150;да;1;1;1;3
00190579;301149;нет;0;0;1;0
11561714;301148;да;0;3;1;2
11561772;301147;да;0;1;1;3
00198714;301146;да;0;2;1;4
00199420;301145;да;0;4;1;3
00199421;301144;да;0;1;1;3
00199422;301143;нет;0;0;1;0
00199423;301142;да;0;1;1;3
00201993;301141;да;0;2;1;5
00201994;301140;да;0;3;1;5
00004688;301139;да;0;1;1;6
00005669;301138;нет;0;0;1;0
00006627;301137;да;2;3;1;6
00007554;301136;да;0;1;1;6
00007947;301135;да;0;1;1;7
00011009;301134;да;0;1;1;5
00011145;301133;да;1;0;1;9
00011146;301132;да;2;2;1;9
00011354;301131;да;1;0;1;10
00011355;301130;да;4;0;1;9
00011356;301129;да;3;0;1;10
00011360;301128;да;0;1;1;10
00011362;301127;да;1;1;1;9
00011363;301126;да;1;3;1;10
00012110;301125;да;0;3;1;6
00016761;301124;да;0;4;1;5
00016762;301123;да;0;1;1;5
40707;301122;нет;0;0;1;0
40873;301121;нет;0;0;1;0
00067907;301120;да;2;2;1;10
00025684;301119;да;1;3;1;5
00025982;301118;да;1;1;1;6
00086353;301117;да;0;3;1;5
00089611;301116;да;0;2;1;5
00097947;301115;да;4;0;1;6
11014301;301114;да;4;7;1;9
11014302;301113;да;2;2;1;10
11014304;301112;да;2;5;1;9
11021908;301111;да;2;3;1;6
11039744;301110;да;0;4;1;10
11060340;301109;да;0;1;1;4
11074183;301108;да;0;1;1;5
00146168;301107;да;3;2;1;7
11112726;301106;да;3;5;1;5
00159114;301105;да;1;0;1;7
00159115;301104;да;1;6;1;7
11234865;301103;да;0;1;1;5
11250931;301102;да;1;3;1;5
11250932;301101;да;1;1;1;5
11250934;301100;да;1;2;1;5
11378924;301099;да;3;5;1;5
11402254;301098;да;3;5;1;5
11402256;301097;да;2;3;1;5
11450080;301096;да;0;2;1;4
11450087;301095;да;3;2;1;4
11450139;301094;да;0;1;1;4
11452069;301093;нет;0;0;1;0
00188107;301092;да;0;1;1;3
00188643;301091;да;1;1;1;3
00191248;301090;да;1;0;1;2
00191257;301089;да;1;2;1;4
00192257;301088;да;0;2;1;2
11559227;301087;да;1;1;1;4
00192868;301086;нет;0;0;1;0
00194989;301085;да;2;4;1;3
11595104;301084;да;1;3;1;6
11596035;301083;да;0;1;1;6
11597877;301082;да;2;4;1;6
11597931;301081;да;0;1;1;5
11607801;301080;да;1;0;1;5
11607802;301079;да;1;3;1;5
11607803;301078;да;3;3;1;5
11607804;301077;да;3;4;1;5
11607933;301076;да;5;9;1;4
11607935;301075;да;0;3;1;5
00202255;301074;да;0;1;1;3
00144980;301073;да;0;1;1;7
00146169;301072;да;15;0;1;8
00146170;301071;да;1;0;1;8
00146172;301070;да;2;4;1;8
00146173;301069;да;0;1;1;8
00146201;301068;да;12;12;1;8
00146205;301067;да;1;2;1;8
00146206;301066;да;0;2;1;10
00153896;301065;да;9;20;1;7
00156595;301064;да;7;3;1;8
00156720;301063;да;0;1;1;7
00156721;301062;нет;0;0;1;0
00156722;301061;да;8;3;1;7
00156723;301060;да;2;1;1;7
00157136;301059;нет;0;0;1;0
00157197;301058;да;6;9;1;8
00157200;301057;да;2;1;1;8
00157203;301056;нет;0;0;1;0
00157204;301055;нет;0;0;1;0
00157205;301054;да;11;4;1;10
00157208;301053;да;5;6;1;9
00157221;301052;да;6;20;1;6
00159139;301051;нет;0;0;1;0
00159140;301050;да;1;2;1;8
00159163;301049;да;0;2;1;6
00159166;301048;нет;0;0;1;0
00159167;301047;да;11;9;1;10
00159169;301046;да;5;14;1;10
00159170;301045;да;9;8;1;10
00159176;301044;да;0;5;1;9
00159177;301043;да;0;2;1;8
00159178;301042;да;0;2;1;8
00159184;301041;да;0;1;1;9
00159185;301040;да;0;1;1;8
00159188;301039;да;3;1;1;8
00159190;301038;нет;0;0;1;0
00159257;301037;да;0;3;1;6
00159259;301036;да;10;12;1;8
00159261;301035;да;11;8;1;7
00159267;301034;нет;0;0;1;0
00159500;301033;да;3;7;1;7
00159513;301032;да;7;13;1;7
00159524;301031;да;3;5;1;5
00159526;301030;да;33;16;1;5
00159659;301029;да;1;2;1;6
00159666;301028;да;0;1;1;5
00159692;301027;да;8;4;1;5
00159701;301026;да;3;1;1;5
00159702;301025;да;4;5;1;5
00159705;301024;нет;0;0;1;0
00162079;301023;нет;0;0;1;0
00162080;301022;да;6;4;1;9
00162081;301021;нет;0;0;1;0
00165501;301020;да;2;1;1;6
00165549;301019;да;2;8;1;7
00165552;301018;нет;0;0;1;0
00165553;301017;да;3;1;1;6
00165557;301016;да;2;2;1;7
00165558;301015;нет;0;0;1;0
00165561;301014;нет;0;0;1;0
00165563;301013;да;0;2;1;7
00165564;301012;нет;0;0;1;0
00165565;301011;да;8;10;1;7
00165567;301010;да;6;8;1;7
00165568;301009;да;3;7;1;7
00165569;301008;нет;0;0;1;0
00165570;301007;да;17;8;1;7
00165571;301006;да;3;9;1;7
00165572;301005;да;0;10;1;7
00165574;301004;да;2;3;1;5
00165578;301003;нет;0;0;1;0
00165580;301002;да;1;0;1;9
00165585;301001;нет;0;0;1;0
00165589;301000;да;0;1;1;7
00165593;300999;да;3;16;1;8
11287523;300998;да;6;6;1;5
11350415;300997;да;1;1;1;6
00177767;300996;да;1;1;1;6
11380224;300995;да;0;2;1;5
00179864;300994;да;1;0;1;6
11409842;300993;да;1;1;1;4
00193237;300992;да;3;0;1;3
11595029;300991;да;1;2;1;6
11595030;300990;да;5;10;1;6
11595031;300989;нет;0;0;1;0
11595032;300988;да;1;2;1;6
11595106;300987;да;0;1;1;6
11595109;300986;да;0;1;1;6
11595137;300985;нет;0;0;1;0
11595234;300984;да;9;4;1;6
11595263;300983;да;0;1;1;6
11595283;300982;да;1;2;1;6
11595325;300981;да;1;1;1;6
11595345;300980;да;1;3;1;9
11595346;300979;да;2;3;1;6
11595350;300978;да;1;6;1;6
11595449;300977;да;1;2;1;6
11595458;300976;нет;0;0;1;0
11595459;300975;нет;0;0;1;0
11595462;300974;да;2;3;1;6
11595467;300973;нет;0;0;1;0
11595516;300972;нет;0;0;1;0
11595545;300971;да;9;14;1;6
11595546;300970;нет;0;0;1;0
11595589;300969;да;0;1;1;6
11595609;300968;да;2;0;1;6
11595629;300967;да;1;2;1;6
11595657;300966;да;1;1;1;6
11595658;300965;нет;0;0;1;0
11595669;300964;да;0;1;1;6
11595675;300963;нет;0;0;1;0
11595680;300962;нет;0;0;1;0
11595681;300961;да;0;1;1;6
11595689;300960;да;0;1;1;6
11595691;300959;да;1;0;1;6
11595704;300958;да;2;2;1;6
11595723;300957;да;0;1;1;6
11595769;300956;да;0;1;1;6
11595770;300955;да;1;0;1;6
11595779;300954;да;4;7;1;6
11595781;300953;нет;0;0;1;0
11595862;300952;да;7;7;1;6
11597953;300951;да;1;0;1;6
11607662;300950;да;1;2;1;4
11607667;300949;да;1;2;1;4
11607717;300948;да;1;3;1;5
11607763;300947;да;1;2;1;4
11607770;300946;да;0;1;1;5
11607772;300945;да;5;3;1;4
11607778;300944;да;0;1;1;4
11607779;300943;да;2;1;1;5
11607780;300942;да;4;6;1;4
11607785;300941;да;0;1;1;5
11607786;300940;да;0;1;1;4
11607787;300939;да;0;1;1;4
11607788;300938;да;1;0;1;5
11607790;300937;да;1;1;1;5
11607793;300936;да;1;0;1;4
11607796;300935;нет;0;0;1;0
11607798;300934;да;8;7;1;5
11607805;300933;да;1;1;1;4
11607942;300932;да;1;3;1;5
11608145;300931;нет;0;0;1;0
11608365;300930;да;0;1;1;4
11608377;300929;да;0;1;1;4
00197539;300928;да;4;8;1;6
00197540;300927;нет;0;0;1;0
00197545;300926;да;1;1;1;5
00008498;300925;да;0;2;1;8
00008844;300924;да;5;9;1;6
00030750;300923;да;0;1;1;6
00037997;300922;да;0;1;1;7
00044500;300921;да;1;0;1;5
00044501;300920;нет;0;0;1;0
00052144;300919;нет;0;0;1;0
00078762;300918;да;1;21;1;8
11053726;300917;нет;0;0;1;0
11055035;300916;да;0;1;1;2
11056561;300915;да;0;1;1;4
11060769;300914;да;0;1;1;5
11075614;300913;да;0;1;1;4
11115820;300912;да;0;2;1;5
11119617;300911;да;0;1;1;2
11122534;300910;да;0;1;1;5
11127042;300909;да;0;1;1;5
00159490;300908;да;2;2;1;7
00159492;300907;нет;0;0;1;0
00160544;300906;да;1;1;1;5
00164187;300905;да;1;2;1;10
11239057;300904;да;0;1;1;4
00169365;300903;да;0;1;1;5
00171050;300902;да;0;1;1;5
11350995;300901;да;2;2;1;5
11357940;300900;да;0;1;1;1
11410329;300899;да;1;3;1;5
00183677;300898;да;1;1;1;5
11452046;300897;да;0;1;1;3
11452213;300896;да;0;1;1;3
11452243;300895;да;1;2;1;4
11452244;300894;да;3;4;1;3
11452259;300893;да;1;2;1;3
00188711;300892;да;1;3;1;3
00191249;300891;да;1;1;1;4
11559661;300890;да;0;1;1;3
11568413;300889;да;0;1;1;4
00193120;300888;да;0;1;1;1
11595179;300887;да;1;0;1;6
11595394;300886;да;0;5;1;6
11595579;300885;да;1;3;1;6
11595830;300884;да;2;2;1;6
11595834;300883;нет;0;0;1;0
11607695;300882;да;2;6;1;7
11607808;300881;да;0;1;1;6
11607992;300880;да;4;13;1;6
11608024;300879;да;0;1;1;4
11608249;300878;да;0;1;1;4
11608367;300877;да;1;1;1;4
00201354;300876;да;0;1;1;2
00004961;300875;нет;0;0;1;0
00007352;300874;да;0;5;1;5
00010443;300873;да;0;3;1;6
00012237;300872;да;0;1;1;5
00016785;300871;да;0;1;1;6
00017331;300870;да;0;2;1;5
30824;300869;да;4;10;1;5
00031097;300868;да;0;1;1;6
00021864;300867;да;0;1;1;4
11026069;300866;да;0;1;1;6
00146026;300865;да;20;35;1;8
11117999;300864;да;0;2;1;5
00156445;300863;да;2;3;1;9
00157153;300862;да;9;6;1;7
00159311;300861;да;4;2;1;7
11232584;300860;нет;0;0;1;0
11316346;300859;да;0;1;1;2
11316570;300858;нет;0;0;1;0
11343682;300857;да;0;1;1;5
00179299;300856;да;0;6;1;4
00179833;300855;да;3;3;1;6
00179836;300854;да;5;7;1;6
11452041;300853;да;0;1;1;3
11452072;300852;да;2;1;1;3
11452085;300851;да;2;2;1;3
11452139;300850;да;15;3;1;4
11452278;300849;да;3;1;1;3
00188185;300848;да;0;4;1;3
11559088;300847;да;0;1;1;2
11559188;300846;да;0;1;1;2
11560579;300845;нет;0;0;1;0
11561041;300844;да;0;1;1;2
11561822;300843;нет;0;0;0;0
11561838;300842;да;0;4;1;3
11562232;300841;да;0;2;1;3
11597836;300840;да;0;1;1;20
00198993;300839;да;5;11;1;5
00002898;300838;да;2;2;1;7
00008783;300837;да;6;10;1;5
00011741;300836;да;3;4;1;5
00011742;300835;да;2;4;1;5
00011744;300834;да;1;2;1;5
00011746;300833;да;1;2;1;5
00011747;300832;да;4;9;1;5
00011886;300831;да;0;4;1;7
28180;300830;да;1;2;1;6
28219;300829;да;0;4;0;4
00019436;300828;да;0;5;0;5
00037098;300827;да;2;4;1;5
00037099;300826;да;3;6;1;5
00037100;300825;да;2;3;1;5
00037102;300824;нет;0;0;1;0
00037103;300823;да;1;1;1;5
00037286;300822;да;0;1;1;4
00037288;300821;да;0;1;1;5
00037290;300820;да;3;5;1;5
00037291;300819;да;2;5;1;5
00037292;300818;да;1;3;1;5
00037296;300817;нет;0;0;1;0
00037298;300816;да;0;1;1;5
00037302;300815;да;0;1;1;4
00037308;300814;да;1;2;1;5
00037309;300813;да;1;3;1;5
00040116;300812;да;0;2;1;5
00042252;300811;да;0;1;1;4
00049182;300810;да;2;4;1;5
00051358;300809;да;0;3;1;5
00051359;300808;да;0;5;1;5
00051360;300807;да;0;2;1;5
00051361;300806;да;2;7;1;5
00051362;300805;да;1;3;1;5
00052895;300804;да;11;63;1;6
00053363;300803;да;1;3;1;5
00053365;300802;да;9;18;1;5
00053366;300801;да;2;3;1;6
00053367;300800;да;1;4;1;5
00053368;300799;да;2;1;1;6
00053853;300798;да;3;5;1;5
00053854;300797;да;0;1;1;5
00053855;300796;да;5;3;1;5
00053856;300795;да;2;4;1;5
00053857;300794;да;3;5;1;5
00053858;300793;да;1;1;1;5
00053859;300792;да;2;1;1;5
00053860;300791;да;4;7;1;5
00055030;300790;да;4;7;1;5
00055714;300789;да;0;5;1;5
00055715;300788;да;0;4;1;5
00064863;300787;да;2;4;1;6
00069610;300786;да;3;3;1;5
00069612;300785;да;2;5;1;5
00069614;300784;да;3;3;1;5
00069615;300783;да;2;4;1;5
00069616;300782;да;2;2;1;5
00069617;300781;да;2;5;1;5
00069618;300780;да;0;2;1;5
00069619;300779;да;2;1;1;5
00073615;300778;да;0;1;1;5
00029345;300777;да;0;4;1;5
00082362;300776;да;1;0;1;5
00082363;300775;да;1;4;1;5
00082364;300774;да;0;4;1;5
00083565;300773;да;1;3;1;5
00083760;300772;да;0;1;0;2
00086681;300771;да;10;20;1;5
00095720;300770;да;2;9;1;5
00105402;300769;да;3;7;1;5
11005132;300768;да;2;4;1;5
00113891;300767;да;3;6;1;5
11014051;300766;да;1;2;1;6
11022788;300765;да;2;5;1;5
11022789;300764;да;4;7;1;5
11022790;300763;да;3;4;1;5
11022791;300762;да;2;4;1;5
11027027;300761;да;2;6;1;5
11027028;300760;да;3;4;1;5
11027030;300759;да;0;1;1;5
11027614;300758;да;7;9;1;5
11032285;300757;да;1;3;1;5
11032945;300756;да;0;5;0;3
11033600;300755;да;2;0;1;5
11033649;300754;да;0;1;1;5
11034068;300753;да;0;4;1;5
11041366;300752;да;1;1;1;5
11041367;300751;да;4;8;1;6
11043524;300750;нет;0;0;1;0
11043561;300749;да;1;0;1;5
11043872;300748;да;3;6;1;5
11043887;300747;да;2;1;1;5
11043888;300746;да;3;6;1;5
11043889;300745;да;3;5;1;5
11043890;300744;да;2;5;1;5
11052179;300743;да;1;0;1;5
11052180;300742;да;2;2;1;5
11052182;300741;да;1;2;1;5
11052183;300740;да;1;2;1;5
11052185;300739;да;1;1;1;5
11052186;300738;да;1;2;1;5
11052187;300737;да;1;2;1;5
11052278;300736;да;2;3;1;5
11052377;300735;да;0;1;1;5
11052378;300734;да;1;4;1;5
11055985;300733;да;1;2;1;5
11055986;300732;да;1;2;1;5
11062139;300731;да;0;1;1;2
11062297;300730;да;0;1;1;2
11072117;300729;да;1;2;1;5
11072118;300728;да;1;0;1;5
11073778;300727;да;3;5;1;5
11073779;300726;да;3;5;1;5
11073780;300725;да;2;3;1;5
11074188;300724;да;6;12;1;5
11079420;300723;да;0;1;1;5
11090250;300722;да;1;1;1;5
11096163;300721;да;0;2;0;2
11110433;300720;да;8;10;1;5
11111101;300719;да;0;5;1;5
11111102;300718;да;4;5;1;5
11111103;300717;да;3;3;1;4
00157180;300716;да;3;2;1;7
11126643;300715;да;9;17;1;5
11133928;300714;да;2;5;1;4
00159201;300713;да;45;16;1;6
11143213;300712;да;3;4;1;5
11145471;300711;да;0;1;0;2
11161133;300710;нет;0;0;1;0
11173033;300709;да;0;1;1;5
11194440;300708;да;3;6;1;5
11201363;300707;да;1;1;1;5
11227494;300706;да;2;4;1;5
11232496;300705;да;7;23;1;5
11244253;300704;да;3;7;1;5
11244254;300703;да;3;7;1;5
11267192;300702;да;2;4;1;5
11268449;300701;да;0;2;1;5
11285985;300700;да;3;3;1;5
11384317;300699;да;0;1;0;2
00179386;300698;да;3;3;1;5
11391371;300697;да;0;1;0;2
00179855;300696;да;5;0;1;6
11393281;300695;нет;0;0;1;0
11404004;300694;да;2;5;1;5
11404005;300693;да;2;3;1;5
11404006;300692;да;3;5;1;5
11404007;300691;да;2;0;1;5
11405039;300690;да;2;0;1;5
11415716;300689;да;3;7;1;5
11415717;300688;да;1;2;1;5
11415719;300687;да;0;1;1;5
11415720;300686;да;3;0;1;5
11415721;300685;да;1;2;1;5
11428362;300684;да;2;4;1;5
11450078;300683;да;2;4;1;3
11450116;300682;да;7;3;1;3
11452060;300681;да;3;1;1;3
11452116;300680;да;2;8;1;3
11452176;300679;да;3;7;1;3
11452238;300678;да;4;6;1;3
00188288;300677;да;4;6;1;3
00188713;300676;да;2;5;1;3
00188714;300675;да;3;6;1;3
00188947;300674;да;1;1;1;5
00188948;300673;да;4;6;1;5
00189436;300672;да;10;23;1;5
00190857;300671;да;0;1;1;4
11544980;300670;да;3;7;1;3
00194475;300669;да;0;2;1;4
00194821;300668;да;0;1;1;4
00194822;300667;да;0;1;1;4
00194823;300666;да;0;1;1;4
00194824;300665;да;0;1;1;4
00194827;300664;да;0;1;1;4
00194828;300663;да;0;1;1;4
00194829;300662;да;0;1;1;4
11595749;300661;да;3;0;1;6
11595822;300660;да;2;5;1;6
11607655;300659;да;4;2;1;4
00003325;300658;да;4;4;1;8
00000059;300657;да;10;13;1;9
00006318;300656;да;1;1;1;10
00007869;300655;да;1;2;1;8
00010432;300654;да;1;0;1;8
00110963;300653;да;2;4;1;9
00113048;300652;да;0;1;1;18
00113049;300651;да;0;1;1;14
00115363;300650;да;5;8;1;10
00115364;300649;да;0;5;1;9
00115373;300648;да;8;4;1;9
11038608;300647;да;0;1;1;6
11039632;300646;нет;0;0;1;0
11061838;300645;да;1;1;1;5
00146086;300644;да;0;2;1;8
00146088;300643;да;5;4;1;9
00146089;300642;да;7;4;1;9
00146092;300641;да;2;10;1;9
00146131;300640;да;4;8;1;9
00146133;300639;да;8;6;1;9
00146134;300638;да;7;4;1;9
00146135;300637;да;6;3;1;8
00146142;300636;да;7;4;1;9
00146143;300635;да;5;6;1;10
00146145;300634;да;2;1;1;10
00146146;300633;нет;0;0;1;0
00146155;300632;нет;0;0;1;0
00146156;300631;да;2;3;1;9
00147575;300630;да;4;11;1;10
00153893;300629;да;6;10;1;8
00153894;300628;да;9;5;1;8
00156822;300627;да;4;3;1;9
00156823;300626;да;5;4;1;9
00156825;300625;да;1;0;1;11
00156829;300624;да;0;1;1;9
00156831;300623;нет;0;0;1;0
00156832;300622;да;6;3;1;9
00156833;300621;да;0;1;1;9
00156835;300620;нет;0;0;1;0
00156836;300619;нет;0;0;1;0
00156843;300618;да;4;2;1;9
00156844;300617;да;0;1;1;9
00156845;300616;да;2;2;1;9
00156853;300615;нет;0;0;1;0
00156854;300614;да;3;2;1;9
00156856;300613;да;0;2;1;9
00156857;300612;да;2;2;1;9
00156858;300611;да;1;2;1;9
00156859;300610;да;1;0;1;8
00156860;300609;да;1;4;1;9
00156861;300608;да;5;2;1;8
00156863;300607;нет;0;0;1;0
00156865;300606;да;0;1;1;9
11123090;300605;да;0;1;1;7
00161310;300604;да;3;5;1;7
11202511;300603;нет;0;0;1;0
11313682;300602;да;0;1;1;6
11450066;300601;да;3;1;1;5
11450067;300600;да;3;2;1;5
11450068;300599;да;2;3;1;5
11450110;300598;да;2;4;1;5
11450111;300597;да;1;2;1;5
11452031;300596;да;4;0;1;4
11452043;300595;да;2;0;1;5
11452052;300594;да;2;0;1;5
11452056;300593;да;1;0;1;5
11452105;300592;да;1;0;1;5
11452109;300591;да;1;0;1;5
11452227;300590;да;0;1;1;5
00188013;300589;да;1;3;1;4
00188067;300588;да;1;3;1;5
00188068;300587;да;1;3;1;5
00188284;300586;да;1;3;1;5
00188285;300585;да;1;3;1;5
00188286;300584;да;0;2;1;5
00188895;300583;нет;0;0;1;0
00193239;300582;да;2;3;1;5
00194845;300581;да;1;2;1;5
00194846;300580;да;1;3;1;5
11595455;300579;нет;0;0;1;0
11595478;300578;да;0;1;1;6
11595479;300577;да;0;1;1;7
11595481;300576;да;2;4;1;6
11595483;300575;да;1;0;1;6
11595484;300574;да;1;2;1;6
11595486;300573;да;0;1;1;6
11595488;300572;да;0;1;1;6
11595513;300571;да;1;3;1;7
11595540;300570;да;1;1;1;6
11595550;300569;да;0;1;1;6
11595551;300568;да;0;1;1;6
11595553;300567;да;1;1;1;6
11595599;300566;да;2;2;1;6
11595652;300565;да;1;1;1;6
11595664;300564;да;1;3;1;6
11595665;300563;да;1;2;1;6
11595666;300562;да;0;1;1;6
11595678;300561;да;1;1;1;6
11595700;300560;да;1;2;1;6
11595701;300559;да;1;1;1;6
11595725;300558;да;1;2;1;6
11595726;300557;да;2;1;1;6
11595727;300556;нет;0;0;1;0
11595777;300555;да;0;2;1;6
11595778;300554;да;0;1;1;6
11597839;300553;нет;0;0;1;0
11597840;300552;да;4;6;1;6
11607623;300551;да;2;1;1;4
00197966;300550;да;0;4;1;4
00197968;300549;да;0;2;1;4
00197969;300548;да;0;2;1;4
00197970;300547;да;0;2;1;4
00199248;300546;да;0;1;1;2
00199250;300545;да;0;1;1;3
00201342;300544;да;0;3;1;4
00201346;300543;да;0;2;1;4
00201347;300542;да;0;3;1;4
00201348;300541;да;0;1;1;4
00201349;300540;да;0;3;1;4
00201350;300539;да;0;3;1;4
00201351;300538;да;0;3;1;4
00202253;300537;да;0;1;1;3
00202254;300536;да;0;4;1;3
00202256;300535;да;0;3;1;3
00202258;300534;да;0;1;1;3
00002685;300533;да;15;5;1;7
00002686;300532;да;6;13;1;12
00002881;300531;да;1;2;1;11
00004390;300530;нет;0;0;1;0
00005058;300529;да;4;5;1;11
00006668;300528;да;6;5;1;12
00007121;300527;да;0;1;1;12
00007842;300526;да;2;0;1;7
00008039;300525;да;4;3;1;11
00008812;300524;да;1;2;1;14
00010075;300523;да;0;1;1;11
00010091;300522;да;2;0;1;11
00010092;300521;нет;0;0;1;0
00010473;300520;нет;0;0;1;0
00011143;300519;да;1;1;1;10
00014207;300518;да;0;1;1;14
25488;300517;да;5;4;1;12
00038510;300516;да;1;0;1;11
00050127;300515;да;0;1;1;12
00069608;300514;да;1;2;1;12
00111611;300513;да;0;1;1;12
11035070;300512;да;1;3;1;14
11041379;300511;да;1;1;1;5
11043893;300510;да;2;8;1;11
11048557;300509;да;0;1;1;11
00133651;300508;да;1;2;1;10
00145960;300507;да;2;6;1;11
00145961;300506;да;8;1;1;12
00145965;300505;да;5;0;1;12
00145966;300504;нет;0;0;1;0
00145970;300503;да;4;2;1;10
00145971;300502;да;9;11;1;6
00145972;300501;да;2;3;1;6
00145976;300500;да;8;18;1;11
00145977;300499;да;13;10;1;11
00145978;300498;да;9;8;1;11
00145979;300497;нет;0;0;1;0
00145985;300496;да;0;4;1;12
00145986;300495;да;5;8;1;11
00146001;300494;да;1;0;1;11
00146002;300493;нет;0;0;1;0
00146004;300492;да;1;5;1;12
00146005;300491;да;5;11;1;12
00146006;300490;да;7;13;1;12
00146011;300489;да;2;0;1;11
00146012;300488;да;4;0;1;11
00146013;300487;да;6;6;1;11
00146015;300486;нет;0;0;1;0
00146016;300485;да;4;0;1;11
00146017;300484;да;4;9;1;12
00020483;300483;да;0;2;1;9
00156449;300482;нет;0;0;1;0
00156480;300481;да;5;5;1;11
00156566;300480;да;7;10;1;11
00156567;300479;да;0;1;1;12
00156569;300478;да;1;1;1;12
00156571;300477;да;6;3;1;11
11122532;300476;да;1;0;1;12
00159096;300475;да;0;1;1;11
00164168;300474;да;1;0;1;9
11450108;300473;да;3;2;1;3
11450109;300472;да;2;7;1;4
11452037;300471;да;7;3;1;3
11452045;300470;да;2;4;1;3
11452051;300469;да;4;2;1;3
11452057;300468;да;2;3;1;3
11452098;300467;да;3;5;1;3
11452158;300466;да;2;0;1;3
11452164;300465;да;0;5;1;4
11452216;300464;да;2;0;1;3
11452226;300463;да;0;1;1;4
11452232;300462;да;0;1;1;3
11452233;300461;да;1;4;1;3
00188768;300460;да;1;1;1;3
00188769;300459;да;1;2;1;3
00188772;300458;да;1;1;1;3
00188776;300457;да;1;1;1;3
11559873;300456;да;0;2;1;2
11559903;300455;да;0;1;1;3
11559907;300454;да;0;5;1;3
11559908;300453;да;0;2;1;3
11595037;300452;нет;0;0;1;0
11595038;300451;нет;0;0;1;0
11595048;300450;нет;0;0;1;0
11595051;300449;да;2;3;1;9
11595052;300448;нет;0;0;1;0
11595056;300447;да;0;1;1;9
11595057;300446;да;4;2;1;9
11595059;300445;нет;0;0;1;0
11595172;300444;да;4;4;1;5
11595173;300443;да;3;2;1;5
11595175;300442;да;1;1;1;9
11595177;300441;да;1;1;1;6
11595303;300440;да;1;2;1;9
11595304;300439;да;0;1;1;9
11595306;300438;нет;0;0;1;0
11595317;300437;да;0;1;1;9
11595443;300436;да;0;1;1;9
11595985;300435;да;2;4;1;9
11595987;300434;да;3;5;1;9
11595988;300433;да;13;6;1;5
11595990;300432;да;0;1;1;5
11595991;300431;да;2;0;1;9
11595992;300430;да;7;1;1;9
11595993;300429;да;1;2;1;9
11595994;300428;да;3;1;1;9
11595999;300427;да;1;1;1;9
11596002;300426;да;1;3;1;5
11596005;300425;да;1;3;1;9
11596007;300424;да;0;1;1;5
11596012;300423;да;1;1;1;5
11596016;300422;да;1;0;1;5
11596017;300421;нет;0;0;1;0
11596019;300420;да;1;1;1;5
11596021;300419;да;0;2;1;9
11596022;300418;да;11;8;1;9
11596026;300417;да;0;1;1;5
11596027;300416;да;4;2;1;5
11596028;300415;да;1;2;1;9
11597828;300414;нет;0;0;1;0
11597829;300413;да;6;3;1;8
11597830;300412;да;1;0;1;8
11607551;300411;да;3;4;1;4
00199234;300410;нет;0;0;1;0
00008198;300409;да;6;5;1;5
00009114;300408;да;1;2;1;5
00010054;300407;да;0;1;1;5
00011075;300406;да;0;1;1;5
29388;300405;да;12;18;1;11
00040121;300404;да;7;7;1;5
00042896;300403;да;8;20;1;5
00046024;300402;да;3;3;1;5
00047438;300401;да;4;8;1;7
00056595;300400;да;0;1;1;5
00028076;300399;да;0;1;1;5
00092997;300398;да;0;1;1;5
11003167;300397;да;0;1;1;5
00109693;300396;да;2;8;1;5
11009485;300395;да;3;5;1;5
11010645;300394;да;0;1;1;6
11011564;300393;да;0;1;1;6
00091222;300392;нет;0;0;1;0
11059863;300391;да;0;5;1;5
11062135;300390;да;0;1;1;3
11077943;300389;да;4;0;1;5
11082654;300388;да;10;1;1;5
11085843;300387;да;0;1;1;5
11110566;300386;да;2;5;1;5
11250936;300385;да;8;16;1;5
11250937;300384;да;1;3;1;5
11274191;300383;да;1;2;1;5
00175611;300382;да;1;3;1;5
11376604;300381;да;0;1;1;2
11376618;300380;да;0;1;1;2
11404611;300379;да;5;9;1;5
00181282;300378;да;1;1;1;5
00181283;300377;да;0;1;1;5
11452185;300376;да;3;7;1;3
00188720;300375;да;5;16;1;3
00188763;300374;да;1;3;1;3
11544981;300373;да;0;1;1;4
11595351;300372;да;9;0;1;6
11607560;300371;да;4;10;1;5
11607792;300370;да;5;3;1;6
00013538;300368;да;1;1;1;5
00013541;300367;нет;0;0;1;0
00013543;300366;да;0;3;1;6
00015444;300365;да;0;3;1;15
00016982;300364;да;1;2;1;5
40331;300363;да;2;4;1;7
00053035;300362;да;1;5;1;5
00025835;300361;да;1;5;1;6
00025837;300360;да;1;1;1;7
00025838;300359;да;1;2;1;6
00025839;300358;да;2;2;1;7
00062249;300357;да;0;1;1;5
00127154;300356;да;2;0;1;8
11067682;300355;да;2;3;1;4
11085441;300354;да;3;6;1;5
00160085;300353;да;2;4;1;4
00162773;300352;да;1;2;1;7
00165061;300351;да;0;1;1;5
11224732;300350;да;2;6;1;4
11289651;300349;да;1;1;1;5
11290869;300348;да;0;1;1;2
11357138;300347;нет;0;0;1;0
11360261;300346;да;1;0;1;4
11376676;300345;да;0;1;1;1
00190346;300344;да;1;3;1;5
00190789;300343;да;2;2;1;3
11562289;300342;да;0;1;1;3
00193141;300341;да;0;1;1;2
11595820;300340;да;1;0;1;8
00181403;300339;нет;0;0;1;0
00178313;300338;да;0;2;1;14
00178337;300337;нет;0;0;1;0
00185711;300336;нет;0;0;1;0
00185714;300335;нет;0;0;1;0
11501821;300334;нет;0;0;1;0
11513826;300333;нет;0;0;1;0
11543419;300332;да;6;6;1;12
11543650;300331;да;2;2;1;12
11578122;300330;нет;0;0;1;0
00197875;300329;нет;0;0;1;0
00202550;300328;да;6;5;1;16
00197892;300327;нет;0;0;1;0
11624377;300326;нет;0;0;1;0
11624419;300325;нет;0;0;1;0
00197665;300324;нет;0;0;1;0
00066122;300323;нет;0;0;1;0
00066132;300322;нет;0;0;1;0
00197178;300321;нет;0;0;1;0
00102721;300320;нет;0;0;1;0
00197177;300319;нет;0;0;1;0
00090603;300318;нет;0;0;1;0
00197050;300317;да;4;4;1;20
00175483;300316;нет;0;0;1;0
00197049;300315;нет;0;0;1;0
11536424;300314;да;1;0;1;17
00193740;300313;да;0;3;1;15
00193741;300312;нет;0;0;1;0
00096355;300311;нет;0;0;1;0
00199277;300310;нет;0;0;1;0
11541807;300309;нет;0;0;1;0
00159086;300308;нет;0;0;1;0
00198073;300307;нет;0;0;1;0
00157906;300306;нет;0;0;1;0
11538951;300305;да;1;1;1;7
00172903;300303;нет;0;0;1;0
00193688;300302;нет;0;0;1;0
00193211;300301;да;14;12;1;6
00162951;300300;нет;0;0;1;0
00193683;300299;нет;0;0;1;0
00163724;300298;нет;0;0;1;0
00182411;300297;нет;0;0;1;0
00184801;300296;да;4;0;1;13
00026629;300295;да;0;13;1;24
00164575;300294;да;0;58;1;22
00156894;300293;да;2;0;1;14
00010986;300292;нет;0;0;1;0
00178236;300291;да;5;0;1;18
00011821;300290;да;10;50;1;9
00177133;300289;да;0;3;1;14
00039328;300288;да;2;4;1;8
00164180;300287;да;2;3;1;8
00164181;300286;да;7;11;1;10
00176255;300285;нет;0;0;1;0
00146214;300284;да;8;16;1;10
00161746;300283;нет;0;0;1;0
00146215;300282;да;5;7;1;10
00071435;300281;нет;0;0;1;0
00156442;300280;да;3;3;1;9
11595717;300279;да;1;2;1;6
00117152;300278;нет;0;0;1;0
00165573;300277;нет;0;0;1;0
00018124;300276;нет;0;0;1;0
00183128;300275;нет;0;0;1;0
00155551;300274;нет;0;0;1;0
11256684;300273;нет;0;0;1;0
11595407;300272;да;2;2;1;7
00197548;300271;да;7;7;1;5
00198408;300270;нет;0;0;1;0
00200176;300269;нет;0;0;1;0
00200178;300267;нет;0;0;1;0
00196413;300266;нет;0;0;1;0
00188290;300265;да;0;50;1;6
11595210;300264;да;0;2;1;10
11595364;300263;да;2;1;1;9
00119793;300262;нет;0;0;1;0
11050018;300261;да;4;6;1;7
00159121;300260;да;6;3;1;9
00159451;300259;да;7;3;1;9
11595194;300258;да;5;5;1;8
11595213;300257;да;2;0;1;8
11608389;300256;нет;0;0;1;0
00182349;300255;нет;0;0;1;0
00182350;300254;нет;0;0;1;0
00192322;300253;нет;0;0;1;0
00193410;300252;нет;0;0;1;0
11413619;300251;нет;0;0;1;0
00091586;300250;нет;0;0;1;0
00073316;300249;да;1;3;1;11
00178332;300248;нет;0;0;1;0
00186853;300247;нет;0;0;1;0
00171036;300246;да;6;17;1;5
00179743;300245;нет;0;0;1;0
00177140;300244;нет;0;0;1;0
00179774;300243;нет;0;0;1;0
00113951;300242;нет;0;0;1;0
00194190;300241;нет;0;0;1;0
00117727;300240;нет;0;0;1;0
00194198;300239;нет;0;0;1;0
00117726;300238;нет;0;0;1;0
00196410;300237;нет;0;0;1;0
11624393;300236;нет;0;0;1;0
11624430;300233;да;0;1;1;8
00110729;300232;нет;0;0;1;0
11624442;300231;нет;0;0;1;0
00110728;300230;нет;0;0;1;0
11624465;300229;да;0;1;1;6
11624481;300228;да;3;0;1;10
00201949;300227;нет;0;0;1;0
00007716;300226;нет;0;0;1;0
11624479;300217;нет;0;0;1;0
00187949;300216;нет;0;0;1;0
11624478;300215;да;2;2;1;15
11624441;300213;да;2;0;1;16
11624439;300209;да;2;2;1;11
11624438;300207;да;0;1;1;12
11624436;300205;да;6;5;1;15
11624409;300203;да;1;0;1;12
11624405;300201;нет;0;0;1;0
11624390;300199;да;14;8;1;11
11624389;300197;да;5;3;1;11
11624388;300195;нет;0;0;1;0
00197898;300193;нет;0;0;1;0
00197840;300188;нет;0;0;1;0
00197839;300186;нет;0;0;1;0
00196407;300182;нет;0;0;1;0
00196406;300180;да;59;33;1;13
00189556;300177;да;10;9;1;16
00182797;300174;нет;0;0;1;0
00182796;300172;нет;0;0;1;0
00117741;300168;нет;0;0;1;0
00197318;300166;да;6;6;1;16
00197317;300164;да;6;11;1;15
00197316;300162;нет;0;0;1;0
00002491;300158;нет;0;0;1;0
00003823;300157;нет;0;0;1;0
00006564;300156;нет;0;0;1;0
00102899;300155;нет;0;0;1;0
28663;300154;да;0;1;1;2
00102945;300153;нет;0;0;1;0
00192069;300152;да;0;10;1;12
00120082;300151;нет;0;0;1;0
00175924;300150;нет;0;0;1;0
00199666;300149;нет;0;0;1;0
00199671;300148;да;0;10;1;3
00116244;300147;нет;0;0;1;0
00182183;300146;нет;0;0;1;0
00182186;300145;да;1;0;1;8
00182804;300144;да;15;0;1;11
00182805;300143;да;9;0;1;11
11541849;300141;нет;0;0;1;0
00182607;300139;нет;0;0;1;0
00184782;300138;нет;0;0;1;0
00188397;300137;да;6;6;1;24
00183363;300136;нет;0;0;1;0
00123765;300135;нет;0;0;1;0
00182609;300134;нет;0;0;1;0
00120290;300133;да;35;0;1;7
00175870;300132;нет;0;0;1;0
00193570;300130;нет;0;0;1;0
00182740;300129;нет;0;0;1;0
00198656;300128;нет;0;0;1;0
00166665;300127;да;4;2;1;14
00173621;300126;да;8;4;1;14
00194993;300125;да;2;0;1;11
00194994;300124;да;2;1;1;11
00194995;300123;нет;0;0;1;0
00167618;300122;нет;0;0;1;0
00126204;300121;да;1;0;1;13
00070988;300120;нет;0;0;1;0
00035125;300119;нет;0;0;1;0
00117538;300118;нет;0;0;1;0
00196866;300117;да;3;2;1;6
00026371;300116;да;10;15;1;13
00117862;300115;нет;0;0;1;0
00195057;300114;да;6;6;1;5
00035892;300113;нет;0;0;1;0
00044339;300112;нет;0;0;1;0
00156920;300111;да;0;1;1;11
00162601;300110;нет;0;0;1;0
00162603;300109;нет;0;0;1;0
00183044;300108;да;5;5;1;7
00183045;300107;да;0;1;1;7
00149916;300106;нет;0;0;1;0
00004460;300105;да;0;5;1;8
00067355;300104;да;0;13;1;9
11050017;300103;да;0;15;1;7
00004136;300102;нет;0;0;1;0
00092985;300101;да;24;16;1;27
00201171;300100;нет;0;0;1;0
00128833;300099;да;83;32;1;26
00141841;300098;да;12;12;1;27
00181411;300097;нет;0;0;1;0
00201167;300096;нет;0;0;1;0
00197298;300095;да;4;4;1;21
00197306;300094;нет;0;0;1;0
00197655;300093;да;8;8;1;20
00002350;300092;нет;0;0;1;0
00004572;300091;нет;0;0;1;0
11252171;300090;нет;0;0;1;0
00176249;300089;нет;0;0;1;0
00176250;300088;нет;0;0;1;0
00176251;300087;нет;0;0;1;0
00188990;300086;да;10;24;1;16
00188994;300085;да;20;20;1;18
00189131;300084;да;0;99;1;13
00192342;300083;нет;0;0;1;0
11536447;300082;нет;0;0;1;0
00199584;300081;нет;0;0;1;0
00092875;300080;да;72;77;1;22
00173821;300079;да;4;6;1;23
00177146;300078;нет;0;0;1;0
00197295;300077;да;5;2;1;21
00177145;300076;нет;0;0;1;0
00197296;300075;да;2;4;1;12
00176291;300074;нет;0;0;1;0
00178263;300073;нет;0;0;1;0
00180738;300072;нет;0;0;1;0
00180924;300071;нет;0;0;1;0
00197745;300070;нет;0;0;1;0
00177808;300069;нет;0;0;1;0
00190062;300068;нет;0;0;1;0
00190063;300067;нет;0;0;1;0
00087698;300066;да;1;0;1;23
00190077;300065;нет;0;0;1;0
00190078;300064;нет;0;0;1;0
00190759;300063;да;0;1;1;5
00023749;300062;нет;0;0;1;0
00193659;300061;нет;0;0;1;0
00194776;300060;нет;0;0;1;0
00181033;300059;да;30;29;1;8
00061680;300058;нет;0;0;1;0
00122392;300057;нет;0;0;1;0
00091776;300056;нет;0;0;1;0
00122397;300055;да;96;198;1;14
00185298;300054;нет;0;0;1;0
00161302;300053;нет;0;0;1;0
00120902;300052;да;5;8;1;13
00171535;300051;да;38;59;1;20
00172259;300050;нет;0;0;1;0
00007906;300049;да;4;5;1;6
00007908;300048;нет;0;0;1;0
00163130;300047;нет;0;0;1;0
00159828;300046;нет;0;0;1;0
00176294;300045;да;24;8;1;12
00189568;300044;да;0;14;1;13
00198877;300043;да;1;1;1;13
00199757;300042;да;20;10;1;12
00199760;300041;да;4;3;1;16
00152556;300040;нет;0;0;1;0
00118858;300039;нет;0;0;1;0
00090019;300038;нет;0;0;1;0
00200170;300037;нет;0;0;1;0
00200171;300036;нет;0;0;1;0
00200172;300035;нет;0;0;1;0
00192591;300034;нет;0;0;1;0
11642159;300033;нет;0;0;1;0
00063184;300032;да;1;1;1;14
00063185;300031;да;1;1;1;14
00116042;300030;нет;0;0;1;0
11203333;300029;нет;0;0;1;0
00166722;300028;да;0;1;1;11
00169818;300027;да;1;1;1;9
00173908;300026;нет;0;0;1;0
11341689;300025;нет;0;0;1;0
11341707;300024;да;1;1;1;10
11341708;300023;да;0;3;1;10
00194325;300022;да;22;8;1;9
00194326;300021;да;6;3;1;7
00194327;300020;да;20;8;1;9
11605378;300019;нет;0;0;1;0
11605379;300018;нет;0;0;1;0
00034196;300017;нет;0;0;1;0
00064297;300016;да;1;1;1;14
00064301;300015;да;1;0;1;14
00146964;300014;да;1;1;1;13
11203472;300013;нет;0;0;1;0
00182827;300012;да;2;0;1;14
00169102;300011;да;1;1;1;13
00187490;300010;да;0;1;1;8
00193268;300009;нет;0;0;1;0
00194336;300008;да;79;46;1;7
00035121;300007;нет;0;0;1;0
00200045;300006;да;0;10;1;8
00123778;300005;да;13;0;1;21
00100974;300004;нет;0;0;1;0
11550356;300003;нет;0;0;1;0
11571027;300002;нет;0;0;1;0
11579232;300001;нет;0;0;1;0
11624391;300000;нет;0;0;1;0
00193314;299999;нет;0;0;1;0
00091886;299998;нет;0;0;1;0
11550283;299997;нет;0;0;1;0
00122356;299996;нет;0;0;1;0
00178267;299995;да;1;2;1;11
00122359;299994;нет;0;0;1;0
00183938;299993;нет;0;0;1;0
00147555;299992;нет;0;0;1;0
00176444;299991;нет;0;0;1;0
00041902;299990;нет;0;0;1;0
00173450;299989;да;6;1;1;12
00117531;299988;нет;0;0;1;0
00145336;299987;нет;0;0;1;0
00189254;299986;нет;0;0;1;0
00191718;299985;да;2;1;1;6
11252395;299984;да;0;46;1;12
00175883;299983;нет;0;0;1;0
00184760;299982;да;8;0;1;13
11541850;299981;нет;0;0;1;0
00191838;299980;нет;0;0;1;0
00193130;299979;нет;0;0;1;0
00194282;299978;да;2;8;1;11
00110496;299977;да;4;2;1;14
00194263;299976;нет;0;0;1;0
00194264;299975;нет;0;0;1;0
00059796;299974;нет;0;0;1;0
00117514;299973;нет;0;0;1;0
00072688;299972;нет;0;0;1;0
00142063;299971;нет;0;0;1;0
00072685;299970;нет;0;0;1;0
00009710;299969;нет;0;0;1;0
00072681;299968;нет;0;0;1;0
00035113;299967;нет;0;0;1;0
00072679;299966;да;4;0;1;16
00200180;299965;нет;0;0;1;0
00004768;299964;нет;0;0;1;0
00072660;299963;да;10;6;1;15
00188563;299962;нет;0;0;1;0
00055603;299961;нет;0;0;1;0
00188565;299960;нет;0;0;1;0
00188561;299959;нет;0;0;1;0
00195335;299958;нет;0;0;1;0
00188584;299957;нет;0;0;1;0
11252526;299956;да;0;2;1;5
00188585;299955;нет;0;0;1;0
00188586;299954;да;4;2;1;20
00197700;299953;нет;0;0;1;0
00197701;299952;да;10;0;1;19
00199807;299951;да;20;0;1;18
00201647;299950;нет;0;0;1;0
00191301;299949;нет;0;0;1;0
00006107;299948;нет;0;0;1;0
00194100;299947;да;2;5;1;19
11208888;299946;нет;0;0;1;0
00185704;299945;нет;0;0;1;0
11542428;299944;да;3;2;1;16
00186131;299943;нет;0;0;1;0
00197059;299942;да;5;3;1;19
00198925;299941;нет;0;0;1;0
00201652;299940;нет;0;0;1;0
00102558;299939;нет;0;0;1;0
00178219;299938;нет;0;0;1;0
00186129;299937;нет;0;0;1;0
11624428;299936;да;4;0;1;4
11624429;299935;да;11;0;1;4
11624506;299934;да;20;0;1;4
11624507;299933;да;2;0;1;4
11513829;299932;нет;0;0;1;0
11513846;299931;нет;0;0;1;0
11514173;299930;да;1;1;1;13
11543317;299929;да;0;2;1;15
11578156;299928;да;2;3;1;13
11624373;299926;да;6;2;1;15
11624415;299925;да;2;0;1;15
11624488;299924;да;3;1;1;15
11624459;299923;да;1;1;1;10
11624501;299922;да;2;2;1;11
00117557;299921;нет;0;0;1;0
11577076;299920;да;1;1;1;21
11450057;299919;нет;0;0;1;0
00179755;299918;нет;0;0;1;0
00189906;299917;нет;0;0;1;0
00189909;299916;нет;0;0;1;0
00179748;299914;нет;0;0;1;0
00199481;299913;нет;0;0;0;0
00174588;299912;нет;0;0;1;0
00175182;299911;да;0;3;1;23
00174596;299910;нет;0;0;1;0
00175180;299909;да;4;0;1;22
00174788;299908;да;10;2;1;18
00174789;299907;да;22;18;1;18
00177118;299906;нет;0;0;1;0
00177120;299905;да;0;3;1;20
00197385;299904;нет;0;0;1;0
00199836;299903;да;20;7;1;8
00199839;299902;да;11;7;1;10
00199841;299901;да;12;16;1;11
00198488;299900;нет;0;0;1;0
00149910;299899;нет;0;0;1;0
00124576;299898;да;1;0;1;25
11296831;299897;да;0;2;1;6
00124574;299896;да;5;2;1;28
11595192;299895;нет;0;0;1;0
00160641;299894;нет;0;0;1;0
11550191;299893;нет;0;0;1;0
11550192;299892;нет;0;0;1;0
00080542;299891;да;3;6;1;27
00190657;299890;нет;0;0;1;0
00187230;299889;нет;0;0;1;0
00189416;299888;да;0;1;1;8
00165604;299887;нет;0;0;1;0
00175253;299886;нет;0;0;1;0
00180207;299885;нет;0;0;1;0
00174231;299884;да;3;0;1;9
00173015;299883;нет;0;0;1;0
00185506;299882;да;0;4;1;9
00181714;299881;да;0;1;1;5
00179786;299880;нет;0;0;1;0
00181718;299879;нет;0;0;1;0
11259974;299878;нет;0;0;1;0
00175218;299877;нет;0;0;1;0
11259975;299876;нет;0;0;1;0
00175214;299875;да;13;19;1;22
11259993;299874;нет;0;0;1;0
00171938;299873;нет;0;0;1;0
00197936;299872;нет;0;0;1;0
11259992;299871;нет;0;0;1;0
00174829;299870;нет;0;0;1;0
00175515;299869;нет;0;0;1;0
00175516;299868;нет;0;0;1;0
00192392;299867;нет;0;0;1;0
00172443;299866;да;4;0;1;9
00172444;299865;нет;0;0;1;0
00178101;299864;нет;0;0;1;0
00184238;299863;нет;0;0;1;0
11286840;299862;нет;0;0;1;0
00179220;299861;да;0;1;1;5
00179678;299860;нет;0;0;1;0
11545185;299859;да;0;1;1;10
00192180;299858;да;0;4;1;5
00198782;299857;да;0;2;1;7
00100957;299856;нет;0;0;1;0
00124300;299855;нет;0;0;1;0
00165350;299854;нет;0;0;1;0
00188688;299853;да;0;1;1;10
00185307;299852;да;6;0;1;5
00185310;299851;да;6;0;1;5
00075783;299850;нет;0;0;1;0
11536894;299849;нет;0;0;1;0
11537028;299848;нет;0;0;1;0
00197879;299847;нет;0;0;1;0
00197899;299846;нет;0;0;1;0
11624400;299845;да;1;1;1;7
00030302;299844;да;11;10;1;18
00179489;299843;нет;0;0;1;0
00197903;299842;нет;0;0;1;0
00176682;299841;нет;0;0;1;0
11541936;299840;нет;0;0;1;0
00179740;299839;нет;0;0;1;0
00200248;299838;нет;0;0;1;0
00200252;299837;нет;0;0;1;0
00175162;299836;нет;0;0;1;0
00200259;299835;нет;0;0;1;0
11286826;299834;нет;0;0;1;0
00200626;299833;нет;0;0;1;0
00200627;299832;нет;0;0;1;0
11286817;299831;да;0;2;1;20
00200628;299830;нет;0;0;1;0
00200632;299829;нет;0;0;1;0
00200633;299828;нет;0;0;1;0
00201829;299827;нет;0;0;1;0
00200051;299826;нет;0;0;1;0
00201830;299825;нет;0;0;1;0
00201831;299824;нет;0;0;1;0
11614874;299823;нет;0;0;1;0
00201833;299822;нет;0;0;1;0
00201834;299821;нет;0;0;1;0
00201835;299820;нет;0;0;1;0
00201836;299819;нет;0;0;1;0
00172487;299818;да;2;0;1;22
00175656;299817;нет;0;0;1;0
00175659;299816;нет;0;0;1;0
00187705;299815;да;2;1;1;28
00190561;299814;нет;0;0;1;0
00172482;299813;нет;0;0;1;0
00174314;299812;нет;0;0;1;0
00192405;299811;да;0;150;1;32
00201841;299810;нет;0;0;1;0
00172466;299809;да;3;3;1;44
00180159;299808;да;4;3;1;55
00183972;299807;нет;0;0;1;0
00187505;299806;нет;0;0;1;0
00189183;299805;нет;0;0;1;0
11589264;299804;нет;0;0;1;0
00006516;299803;нет;0;0;1;0
00120391;299801;нет;0;0;1;0
00178241;299799;да;4;10;1;25
00182830;299798;да;13;0;1;21
11513776;299797;нет;0;0;1;0
00153137;299796;нет;0;0;1;0
00182217;299795;нет;0;0;1;0
00183423;299794;нет;0;0;1;0
00184387;299793;нет;0;0;1;0
00193189;299792;нет;0;0;1;0
00193205;299791;да;1;0;1;25
00181741;299790;нет;0;0;1;0
00198983;299789;нет;0;0;1;0
00199679;299788;нет;0;0;1;0
00199681;299787;нет;0;0;1;0
00201263;299786;нет;0;0;1;0
00183074;299785;нет;0;0;1;0
11252185;299784;да;19;22;1;12
00184017;299783;да;1;1;1;12
00190740;299782;нет;0;0;1;0
00191498;299781;да;1;0;1;7
00200822;299780;да;5;3;1;6
00187755;299779;нет;0;0;1;0
00179224;299778;нет;0;0;1;0
00055816;299777;нет;0;0;1;0
00196875;299776;да;0;1;1;5
00007851;299775;да;9;12;1;9
00035488;299774;нет;0;0;1;0
00052295;299773;нет;0;0;1;0
00074159;299772;нет;0;0;1;0
00013320;299771;нет;0;0;1;0
00146198;299770;да;2;1;1;7
11107479;299769;нет;0;0;1;0
00156673;299768;нет;0;0;1;0
00165817;299767;да;2;5;1;5
11450127;299766;да;0;12;1;2
00188237;299765;нет;0;0;1;0
00195040;299764;нет;0;0;1;0
11595339;299763;нет;0;0;1;0
11597863;299762;нет;0;0;1;0
11597904;299761;нет;0;0;1;0
00070664;299760;да;1;2;1;6
00084987;299759;да;0;1;1;4
00157142;299758;да;3;7;1;8
11452214;299757;нет;0;0;1;0
11559879;299756;нет;0;0;1;0
11450114;299755;нет;0;0;1;0
00188289;299754;нет;0;0;1;0
00188773;299753;нет;0;0;1;0
00010566;299752;нет;0;0;1;0
00052897;299751;нет;0;0;1;0
00070457;299750;да;0;1;1;4
11038609;299749;да;2;2;1;4
00146034;299748;да;5;8;1;8
00146149;299747;да;2;1;1;7
11112838;299746;нет;0;0;1;0
00156872;299745;да;1;2;1;7
00156875;299744;да;2;8;1;7
00157072;299743;да;2;1;1;6
00159321;299742;нет;0;0;1;0
00167899;299741;нет;0;0;1;0
11595144;299740;нет;0;0;1;0
11595500;299739;нет;0;0;1;0
11595537;299738;да;2;2;1;6
11608002;299737;нет;0;0;1;0
00033244;299736;нет;0;0;1;0
00067915;299735;да;1;3;1;5
11004032;299734;нет;0;0;1;0
11020764;299733;нет;0;0;1;0
11039193;299732;нет;0;0;1;0
11060533;299731;нет;0;0;1;0
11100810;299730;нет;0;0;1;0
00156593;299729;нет;0;0;1;0
00156748;299728;да;6;9;1;7
00159209;299727;да;2;8;1;9
00159213;299726;нет;0;0;1;0
11341958;299725;нет;0;0;1;0
11595107;299724;нет;0;0;1;0
11596708;299723;нет;0;0;1;0
11602394;299722;да;4;0;1;5
11602635;299721;да;9;1;1;5
11602637;299720;да;4;0;1;5
11603135;299719;да;1;1;1;5
11159064;299718;нет;0;0;1;0
11450047;299717;нет;0;0;1;0
11607965;299716;да;2;2;1;6
00146218;299715;нет;0;0;1;0
11406141;299714;да;0;2;1;4
11450095;299713;нет;0;0;1;0
00192227;299712;да;0;6;1;2
00192314;299711;нет;0;0;1;0
11595380;299710;нет;0;0;1;0
11595563;299709;нет;0;0;1;0
00066379;299708;нет;0;0;1;0
00066415;299707;нет;0;0;1;0
00066454;299706;нет;0;0;1;0
00066456;299705;нет;0;0;1;0
00159535;299704;нет;0;0;1;0
11013618;299703;нет;0;0;1;0
00157184;299702;да;8;5;1;7
00159110;299701;нет;0;0;1;0
00159225;299700;да;8;7;1;7
00159227;299699;да;0;4;1;6
00159228;299698;нет;0;0;1;0
00159343;299697;нет;0;0;1;0
11151390;299696;нет;0;0;1;0
00164185;299695;да;3;2;1;6
11301690;299694;да;0;7;1;5
11388695;299693;да;0;2;1;5
11394781;299692;нет;0;0;1;0
11404012;299691;нет;0;0;1;0
11452073;299690;да;0;4;1;3
11452191;299689;нет;0;0;1;0
11452270;299688;да;0;3;1;3
11452273;299687;нет;0;0;1;0
00188179;299686;нет;0;0;1;0
00188223;299685;нет;0;0;1;0
00191259;299684;нет;0;0;1;0
11559280;299683;нет;0;0;0;0
00194944;299682;да;1;0;1;3
11595753;299681;нет;0;0;1;0
11597852;299680;нет;0;0;1;0
00179540;299679;нет;0;0;1;0
11023438;299678;да;0;2;1;4
00188557;299677;да;0;5;1;3
00113664;299676;да;0;3;1;5
00148266;299675;нет;0;0;1;0
11105331;299674;нет;0;0;0;0
11111116;299673;да;0;3;1;5
00159335;299672;да;6;6;1;7
11561885;299671;нет;0;0;1;0
00199424;299670;нет;0;0;1;0
00199425;299669;нет;0;0;1;0
00007946;299668;нет;0;0;1;0
00159116;299667;нет;0;0;1;0
11450125;299666;нет;0;0;1;0
11597926;299665;нет;0;0;1;0
00030811;299664;да;0;1;1;6
00146171;299663;нет;0;0;1;0
00146204;299662;да;2;3;1;9
00156596;299661;нет;0;0;1;0
00157198;299660;да;1;5;1;8
00157201;299659;да;0;11;1;8
00157202;299658;да;9;15;1;8
00157207;299657;да;0;5;1;9
00157209;299656;да;0;3;1;9
00157210;299655;да;0;5;1;8
00159172;299654;да;2;0;1;9
00159173;299653;да;7;8;1;9
00159175;299652;да;6;4;1;9
00159180;299651;да;0;3;1;9
00159181;299650;да;0;2;1;9
00159258;299649;да;4;4;1;7
00159260;299648;нет;0;0;1;0
00159660;299647;нет;0;0;1;0
00162082;299646;да;0;4;1;8
00165555;299645;нет;0;0;1;0
00165590;299644;да;7;3;1;8
00165592;299643;да;1;13;1;8
00165594;299642;да;2;4;1;7
00165596;299641;да;0;1;1;7
00169566;299640;да;0;1;1;5
11289648;299639;да;0;2;1;5
00177770;299638;нет;0;0;1;0
00188479;299637;да;1;1;1;4
00193554;299636;нет;0;0;1;0
11595033;299635;нет;0;0;1;0
11595138;299634;нет;0;0;1;0
11595236;299633;нет;0;0;1;0
11595268;299632;нет;0;0;1;0
11595515;299631;нет;0;0;1;0
11595523;299630;нет;0;0;1;0
11595668;299629;нет;0;0;1;0
11595863;299628;нет;0;0;1;0
11595864;299627;да;1;0;1;6
11602954;299626;нет;0;0;1;0
11607769;299625;нет;0;0;1;0
00197541;299624;нет;0;0;1;0
00108823;299623;нет;0;0;1;0
11071401;299622;нет;0;0;1;0
11595391;299621;нет;0;0;1;0
11608337;299620;нет;0;0;1;0
00004956;299619;нет;0;0;1;0
30914;299618;нет;0;0;1;0
11038613;299617;да;0;4;1;4
00123197;299616;нет;0;0;1;0
11180202;299615;нет;0;0;1;0
00012877;299614;нет;0;0;1;0
00013438;299613;нет;0;0;1;0
00013439;299612;нет;0;0;1;0
00013442;299611;нет;0;0;1;0
25824;299610;нет;0;0;1;0
00036700;299609;нет;0;0;1;0
00051111;299608;да;0;20;1;7
00051112;299607;да;0;10;1;5
00059995;299606;нет;0;0;1;0
11033302;299605;нет;0;0;1;0
11196280;299604;нет;0;0;1;0
11429507;299603;нет;0;0;1;0
11595378;299602;нет;0;0;1;0
11597930;299601;нет;0;0;1;0
00007868;299600;нет;0;0;1;0
11023395;299599;да;1;2;1;6
00156838;299598;да;6;10;1;9
00156846;299597;нет;0;0;1;0
00156852;299596;нет;0;0;1;0
11202496;299595;нет;0;0;1;0
11313683;299594;нет;0;0;1;0
11595793;299593;нет;0;0;1;0
11602735;299592;да;1;0;1;6
00202257;299591;нет;0;0;0;0
00002926;299590;нет;0;0;1;0
00006493;299589;да;3;2;1;12
00010579;299588;да;9;5;1;6
00145974;299587;да;15;20;1;10
00146000;299586;нет;0;0;1;0
00156560;299585;да;3;7;1;7
00159507;299584;да;2;3;1;6
00168647;299583;нет;0;0;1;0
00195037;299582;нет;0;0;1;0
11043881;299581;да;0;2;1;5
11112448;299580;нет;0;0;1;0
11607723;299579;да;0;2;1;5
00010564;299578;нет;0;0;1;0
11004103;299577;нет;0;0;1;0
11245348;299576;да;0;1;1;5
00011243;299575;нет;0;0;1;0
11343799;299574;да;1;2;1;7
11393381;299573;нет;0;0;1;0
11595381;299572;нет;0;0;1;0
11595828;299571;да;4;0;1;6
11607752;299570;нет;0;0;1;0
11608118;299569;нет;0;0;1;0
00002739;299568;нет;0;0;1;0
00046250;299567;нет;0;0;1;0
00159084;299566;нет;0;0;1;0
11627478;299565;нет;0;0;1;0
00099300;299564;да;8;6;1;14
00119227;299563;да;0;2;1;14
00119228;299562;да;10;8;1;14
00119232;299561;да;5;10;1;14
00094279;299560;нет;0;0;1;0
00094286;299559;да;11;13;1;14
00181186;299558;нет;0;0;1;0
00186650;299557;нет;0;0;1;0
00127856;299556;нет;0;0;1;0
00142273;299555;нет;0;0;1;0
11032180;299554;да;0;1;1;11
00159474;299553;нет;0;0;1;0
11595422;299552;да;1;4;1;6
00002888;299551;да;2;1;1;8
00007827;299550;да;9;4;1;8
00030047;299549;да;2;16;1;8
00034311;299548;нет;0;0;1;0
00054887;299547;да;1;1;1;8
00117622;299546;да;1;0;1;5
11076916;299545;нет;0;0;1;0
00146966;299544;да;0;1;1;5
00159098;299543;да;0;5;1;7
11595094;299542;нет;0;0;1;0
00197694;214268;да;1;2;1;10
00132022;214267;да;1;0;1;11
00190218;214266;да;0;3;1;11
00195009;214265;да;4;4;1;6
00195008;214264;да;5;2;1;5
00195004;214263;да;1;2;1;5
00195003;214262;да;2;1;1;5
00195007;214261;да;2;0;1;13
00191447;214260;да;1;2;1;15
00190215;214259;да;0;5;1;19
00190214;214258;да;0;2;1;14
00190210;214257;да;5;6;1;15
00190222;214256;да;3;4;1;13
00190221;214255;да;1;1;1;13
00190209;214254;да;1;1;1;13
00190208;214253;нет;0;0;1;0
00190207;214252;да;2;5;1;15
00190206;214251;да;1;0;1;14
00176965;214250;да;4;20;1;15
00176963;214249;да;0;3;1;15
00188613;214248;да;1;0;1;25
00188399;214247;да;1;2;1;25
00188398;214246;нет;0;0;1;0
00184787;214245;нет;0;0;1;0
00199788;214244;да;10;9;1;19
00190345;214243;да;4;9;1;3
00188228;214242;да;2;6;1;5
11452277;214241;да;0;32;1;4
11452267;214240;да;3;18;1;4
11450084;214239;нет;0;0;1;0
11450023;214238;да;0;1;1;4
00199770;214237;да;0;1;1;4
11559894;214236;да;0;78;1;4
00201656;214235;да;10;10;1;10
00201655;214234;да;10;0;1;10
00198963;214233;да;6;8;1;12
00198938;214232;да;19;19;1;11
00198006;214231;да;3;4;1;5
00198005;214230;да;4;3;1;5
00198004;214229;да;2;4;1;5
00198003;214228;да;5;3;1;4
00198002;214227;да;4;2;1;6
00198001;214226;да;1;1;1;4
00202179;214225;нет;0;0;1;0
00202178;214224;да;0;1;1;30
00202176;214223;да;1;1;1;35
00202174;214222;да;1;1;1;35
00202173;214221;да;0;1;1;34
00202172;214220;да;1;2;1;35
00202171;214219;да;3;3;1;36
00202169;214218;да;1;1;1;35
00202167;214217;да;1;1;1;35
00202165;214216;нет;0;0;1;0
00202164;214215;да;1;0;1;32
00202163;214214;да;3;2;1;32
00202033;214213;да;18;8;1;27
00200596;214212;нет;0;0;1;0
00200595;214211;нет;0;0;1;0
00198000;214210;да;1;1;1;34
00197999;214209;нет;0;0;1;0
00197998;214208;да;2;1;1;37
00197997;214207;нет;0;0;1;0
00197996;214206;нет;0;0;1;0
00198680;214205;нет;0;0;1;0
00197302;214204;да;0;1;1;23
00197301;214203;да;3;4;1;24
11665888;214202;да;8;12;1;3
11665881;214201;да;10;20;1;3
11665880;214200;да;3;7;1;3
11665877;214199;да;10;20;1;3
11665876;214198;да;5;15;1;3
11665874;214197;да;8;12;1;3
11665873;214196;да;8;12;1;3
11665872;214195;да;10;21;1;3
11665871;214194;да;5;15;1;3
11665864;214193;да;8;13;1;3
11665861;214192;да;3;7;1;3
11665857;214191;да;3;7;1;3
11665856;214190;да;10;20;1;3
11665848;214189;да;5;10;1;3
11665845;214188;да;5;15;1;3
11665837;214187;да;1;1;1;3
11665834;214186;да;3;7;1;3
11665833;214185;да;8;12;1;3
11665817;214184;да;2;1;1;3
00200527;214183;да;4;6;1;3
00200526;214182;да;4;3;1;5
00200525;214181;да;3;4;1;5
00200524;214180;да;5;3;1;5
00200523;214179;да;4;5;1;5
00200522;214178;да;5;3;1;5
00200521;214177;нет;0;0;1;0
00200520;214176;да;4;6;1;5
00200519;214175;да;8;0;1;5
00200518;214174;да;4;6;1;3
00200517;214173;да;6;3;1;5
00200516;214172;да;4;4;1;5
00200515;214171;да;4;6;1;3
00200512;214170;да;8;1;1;5
00200510;214169;да;6;0;1;5
00200509;214168;да;9;1;1;5
00200505;214167;нет;0;0;1;0
00200504;214166;да;8;0;1;5
00200503;214165;да;4;0;1;3
00200502;214164;да;4;1;1;3
00200501;214163;да;6;3;1;3
00200499;214162;да;4;4;1;3
00199381;214161;да;0;1;1;4
00199380;214160;да;0;1;1;4
00199379;214159;да;0;1;1;4
00199377;214158;да;0;1;1;4
11607733;214157;да;1;0;1;5
11607732;214156;да;1;1;1;6
11607728;214155;да;3;4;1;5
11607646;214154;да;1;0;1;6
11607567;214153;да;0;1;1;6
11597922;214152;да;1;3;1;6
11597921;214151;да;0;4;1;6
11597920;214150;да;2;3;1;6
11597917;214149;нет;0;0;1;0
11597873;214148;да;0;1;1;6
11596053;214147;да;2;0;1;7
11595955;214146;да;3;0;1;7
11595899;214145;нет;0;0;1;0
11595861;214144;да;1;2;1;7
11595850;214143;да;4;8;1;8
11595849;214142;да;1;6;1;7
11595824;214141;да;4;0;1;7
11595816;214140;да;7;10;1;8
11595613;214139;да;0;2;1;7
11595431;214138;да;1;2;1;8
11595399;214137;нет;0;0;1;0
11595357;214136;да;7;4;1;7
11595355;214135;да;2;0;1;8
11595348;214134;да;2;2;1;8
11595120;214133;да;8;8;1;7
11595105;214132;да;1;1;1;7
11595103;214131;нет;0;0;1;0
11595093;214130;да;1;1;1;9
00192848;214129;да;4;3;1;6
00192838;214128;да;3;15;1;6
00192837;214127;да;7;2;1;6
00192834;214126;нет;0;0;1;0
00192833;214125;да;4;9;1;6
00192832;214124;да;8;8;1;6
00192819;214123;да;1;5;1;6
00192789;214122;да;2;0;1;6
00192777;214121;да;8;4;1;6
00192776;214120;да;6;14;1;6
00192752;214119;да;9;5;1;6
11562381;214118;да;0;1;1;3
11560103;214117;да;0;2;1;3
11559839;214116;нет;0;0;1;0
11559816;214115;нет;0;0;1;0
00192271;214114;да;1;1;1;5
00192256;214113;да;2;3;1;5
00191260;214112;да;1;2;1;4
00191247;214111;да;1;1;1;4
11497598;214110;да;0;127;1;4
11497497;214109;да;4;8;1;4
11497488;214108;да;0;1;1;3
11497487;214107;да;2;6;1;4
11497476;214106;да;1;2;1;4
11497471;214105;да;2;3;1;4
11497463;214104;да;1;3;1;4
11497450;214103;да;2;2;1;4
11497449;214102;да;0;4;1;4
11497441;214101;да;0;1;1;4
11497440;214100;да;0;1;1;4
11497430;214099;да;3;22;1;4
11497429;214098;да;0;1;1;4
00188767;214097;да;2;4;1;4
00188766;214096;да;2;6;1;4
00188273;214095;да;1;4;1;4
00188272;214094;да;1;4;1;4
00188254;214093;да;0;1;1;4
00188186;214092;да;1;5;1;4
00188184;214091;да;5;5;1;4
00188140;214090;нет;0;0;1;0
00188084;214089;да;1;0;1;4
11452287;214088;да;0;3;1;4
11452282;214087;да;2;2;1;4
11452256;214086;да;1;3;1;4
11452208;214085;да;0;2;1;4
11452205;214084;да;2;1;1;4
11452149;214083;да;3;1;1;4
11452102;214082;да;3;2;1;5
11452093;214081;да;3;3;1;4
11452089;214080;да;2;3;1;4
11452088;214079;да;4;3;1;4
11452035;214078;да;2;3;1;4
11452006;214077;да;0;1;1;4
11451979;214076;да;3;2;1;4
11451933;214075;да;4;0;1;4
11450200;214074;да;1;1;1;4
11450199;214073;да;1;1;1;4
11450191;214072;да;2;0;1;4
11450190;214071;да;2;1;1;4
11450122;214070;да;0;2;1;4
00179843;214069;да;4;6;1;7
00164175;214068;да;2;2;1;7
00159656;214067;да;11;12;1;6
00159650;214066;да;1;2;1;6
00159649;214065;да;2;1;1;6
00159317;214064;да;26;26;1;7
00159295;214063;да;2;3;1;6
00159161;214062;да;4;1;1;7
00159125;214061;да;4;1;1;7
00159095;214060;да;1;1;1;7
00159093;214059;да;0;1;1;7
00156818;214058;нет;0;0;1;0
00156815;214057;да;1;0;1;7
00156802;214056;да;14;0;1;8
00156801;214055;да;13;11;1;7
00156791;214054;да;4;4;1;7
00156790;214053;да;4;5;1;7
00156786;214052;да;9;1;1;7
00156785;214051;да;4;4;1;8
00156783;214050;да;0;3;1;6
00156782;214049;да;1;3;1;6
00156774;214048;нет;0;0;1;0
00146128;214047;да;8;5;1;7
00146126;214046;да;17;9;1;8
00146125;214045;да;17;5;1;8
00146122;214044;да;7;4;1;8
00146120;214043;да;17;3;1;8
00146118;214042;да;0;1;1;8
00146116;214041;да;18;0;1;8
00146115;214040;да;10;22;1;9
00146114;214039;да;4;5;1;9
00146113;214038;да;9;5;1;7
00146112;214037;да;6;11;1;8
00146111;214036;да;5;5;1;8
00146110;214035;да;13;20;1;8
00146109;214034;да;11;2;1;9
00146108;214033;да;15;26;1;9
00146106;214032;да;4;5;1;9
00146096;214031;да;10;11;1;11
00146073;214030;да;5;3;1;7
00146071;214029;да;10;1;1;7
00146067;214028;да;3;0;1;8
00146063;214027;нет;0;0;1;0
11043604;214026;нет;0;0;1;0
00115360;214025;да;5;9;1;9
00080082;214024;да;0;1;1;8
00027102;214023;да;1;2;1;8
00023094;214022;да;0;1;0;6
00063026;214021;да;0;1;1;5
00061314;214020;да;1;1;1;6
00054393;214019;да;1;6;1;6
00050103;214018;да;1;0;1;6
00047064;214017;да;0;140;1;6
00046020;214016;да;0;1;1;7
00038674;214015;да;1;3;1;6
26636;214014;нет;0;0;1;0
00012313;214013;да;2;4;1;6
00010857;214012;да;0;1;1;7
00007990;214011;да;1;1;1;6
00007828;214010;да;14;17;1;8
00007826;214009;да;2;3;1;9
00007822;214008;да;1;3;1;9
00007804;214007;да;9;12;1;8
00007752;214006;нет;0;0;1;0
00007747;214005;да;1;0;1;9
00007745;214004;да;7;12;1;8
00006931;214003;да;0;1;1;6
00006818;214002;да;2;2;1;9
00004992;214001;да;1;1;1;9
00004873;214000;да;3;0;1;9
00004296;213999;да;21;11;1;11
00003153;213998;да;1;2;1;8
00003151;213997;да;16;11;1;8
00003139;213996;да;4;4;1;8
00003138;213995;нет;0;0;1;0
00002261;213994;да;11;12;1;8
11665889;213993;да;8;22;1;4
11665879;213992;да;3;7;1;3
11665868;213991;да;8;18;1;3
11665867;213990;да;5;13;1;3
11665862;213989;да;10;20;1;3
11665847;213988;да;5;11;1;3
11665812;213987;да;5;10;1;4
00199229;213986;да;2;0;1;2
00199228;213985;да;4;4;1;2
11608313;213984;да;1;2;1;5
11607916;213983;нет;0;0;1;0
11607741;213982;да;1;1;1;5
11596045;213981;да;1;0;1;7
11595935;213980;да;2;0;1;10
11595927;213979;да;5;0;1;10
11595920;213978;да;2;2;1;10
11595916;213977;да;1;0;1;10
11595871;213976;да;9;4;1;6
11595833;213975;да;30;17;1;10
11595826;213974;да;9;10;1;10
11595817;213973;да;2;3;1;5
11595807;213972;да;4;5;1;10
11595418;213971;да;1;0;1;6
11595417;213970;да;2;1;1;6
11595396;213969;нет;0;0;1;0
11595323;213968;да;2;2;1;10
11595269;213967;да;1;2;1;6
11595174;213966;да;3;4;1;10
11595134;213965;да;1;3;1;5
11595074;213964;да;0;1;1;10
11595071;213963;да;0;2;1;10
00192862;213962;да;7;0;1;9
00192861;213961;да;4;2;1;5
00192859;213960;да;3;2;1;9
00192852;213959;да;4;11;1;10
00192844;213958;да;0;3;1;9
00192839;213957;да;6;4;1;9
00192830;213956;да;1;1;1;9
00192827;213955;да;2;5;1;9
00192822;213954;да;7;10;1;9
00192808;213953;да;2;3;1;9
00192805;213952;да;3;7;1;9
00192793;213951;да;2;8;1;9
00192791;213950;да;4;9;1;9
00192787;213949;да;4;1;1;9
00192785;213948;да;4;0;1;9
00192782;213947;да;9;4;1;9
00192781;213946;нет;0;0;1;0
00192780;213945;да;3;5;1;9
00192771;213944;да;4;0;1;9
00192770;213943;да;4;5;1;5
00192769;213942;да;4;1;1;5
00192767;213941;да;2;5;1;9
00192745;213940;да;2;0;1;9
00192740;213939;да;3;4;1;9
00192738;213938;да;3;7;1;9
00192721;213937;да;4;0;1;9
00188771;213936;да;0;4;1;8
00188760;213935;да;6;10;1;8
00188375;213934;да;6;12;1;8
00188336;213933;да;4;15;1;4
00188333;213932;да;4;15;1;4
00188281;213931;да;9;10;1;4
00188274;213930;да;4;13;1;4
00188244;213929;да;3;14;1;4
00188243;213928;да;3;14;1;4
00188232;213927;да;3;15;1;4
00188147;213926;да;8;12;1;4
00188142;213925;да;5;15;1;4
00188106;213924;да;8;6;1;8
00188095;213923;да;8;12;1;8
00188065;213922;да;8;12;1;8
00188031;213921;да;5;15;1;4
00188025;213920;да;5;15;1;3
00188021;213919;да;10;20;1;4
00188010;213918;да;4;15;1;4
11452291;213917;да;17;4;1;3
11452290;213916;да;14;2;1;3
11452251;213915;да;5;14;1;3
11452249;213914;да;3;14;1;4
11452248;213913;да;5;14;1;4
11452242;213912;да;0;2;1;3
11452235;213911;да;2;5;1;3
11452220;213910;да;0;2;1;3
11452188;213909;да;6;14;1;4
11452187;213908;да;5;14;1;4
11452133;213907;да;7;0;1;3
11452126;213906;да;7;1;1;3
11452114;213905;да;15;11;1;4
11452104;213904;да;24;17;1;4
11452068;213903;да;20;7;1;3
11452067;213902;да;7;5;1;4
11452059;213901;да;15;4;1;4
11452042;213900;да;7;20;1;4
11450126;213899;да;6;4;1;8
11450124;213898;да;14;4;1;4
11450123;213897;да;13;12;1;8
11450115;213896;да;29;31;1;4
11450106;213895;да;29;30;1;4
11450086;213894;да;20;2;1;4
11450072;213893;да;36;22;1;4
11450061;213892;да;43;23;1;4
00177768;213891;да;4;3;1;5
00177757;213890;да;6;3;1;9
00177754;213889;да;6;2;1;8
00177752;213888;да;5;8;1;10
00177751;213887;да;1;5;1;8
00175644;213886;да;7;3;1;10
11350998;213885;да;0;1;1;9
00173669;213884;да;0;2;1;10
00159694;213883;да;7;8;1;9
00159683;213882;да;4;6;1;5
00159682;213881;да;9;19;1;5
00159678;213880;да;9;7;1;9
00159677;213879;да;8;3;1;5
00159675;213878;да;11;25;1;5
00159674;213877;да;6;4;1;5
00159667;213876;да;6;4;1;5
00159478;213875;нет;0;0;1;0
00159476;213874;да;6;0;1;9
00159196;213873;нет;0;0;1;0
00159195;213872;нет;0;0;1;0
00159138;213871;да;11;12;1;10
00159122;213870;да;6;2;1;9
00157222;213869;да;10;15;1;10
00157215;213868;да;8;5;1;10
00157015;213867;да;4;3;1;11
00157010;213866;да;17;11;1;11
00157009;213865;да;2;4;1;11
00157007;213864;да;6;11;1;11
00157006;213863;да;5;5;1;11
00157005;213862;да;8;4;1;11
00157001;213861;нет;0;0;1;0
00157000;213860;да;3;4;1;11
00156999;213859;да;19;23;1;11
00156998;213858;да;4;5;1;11
00156997;213857;да;5;9;1;11
00156996;213856;да;33;24;1;11
00156995;213855;да;1;2;1;11
00156994;213854;да;19;22;1;11
00156993;213853;да;10;7;1;11
00156991;213852;да;17;0;1;11
00156989;213851;да;53;8;1;11
00156986;213850;да;12;20;1;11
00156984;213849;да;18;11;1;11
00156983;213848;нет;0;0;1;0
00156980;213847;нет;0;0;1;0
00156979;213846;да;10;3;1;11
00156978;213845;нет;0;0;1;0
00156977;213844;да;6;4;1;11
00156976;213843;да;12;7;1;11
00156975;213842;да;3;3;1;11
00156971;213841;да;3;5;1;11
00156969;213840;да;1;4;1;6
00156967;213839;да;16;8;1;11
00156961;213838;нет;0;0;1;0
00156960;213837;да;3;12;1;10
00156957;213836;да;9;5;1;6
00156956;213835;да;4;5;1;10
00156954;213834;да;0;4;1;10
00156953;213833;нет;0;0;1;0
00156951;213832;да;6;3;1;11
00156950;213831;да;24;12;1;11
00156949;213830;да;11;12;1;11
00156948;213829;да;17;17;1;11
00156942;213828;да;4;9;1;11
00156941;213827;да;13;12;1;11
00156940;213826;да;3;0;1;11
00156939;213825;нет;0;0;1;0
00156936;213824;да;6;10;1;11
00156935;213823;да;19;13;1;11
00156934;213822;нет;0;0;1;0
00156933;213821;да;4;5;1;11
00156932;213820;да;9;11;1;11
00156931;213819;да;2;2;1;11
00156929;213818;да;1;1;1;11
00156928;213817;да;7;10;1;11
00156927;213816;да;3;6;1;11
00156926;213815;да;4;0;1;11
00156925;213814;да;4;3;1;11
00146184;213813;да;7;0;1;10
00146183;213812;да;10;18;1;10
11064072;213811;нет;0;0;1;0
11046093;213810;да;4;26;1;11
00114060;213809;да;20;60;1;11
00026165;213808;да;6;3;1;10
00073452;213807;да;0;1;1;11
00056192;213806;да;1;0;1;10
00034810;213805;да;2;1;1;10
00011674;213804;да;12;4;1;10
00010190;213803;да;2;1;1;11
00009196;213802;да;33;16;1;10
00008496;213801;да;0;2;1;11
00008086;213800;да;4;1;1;11
00007876;213799;да;9;12;1;11
00007875;213798;да;29;22;1;11
00007873;213797;да;6;0;1;11
00007872;213796;да;14;12;1;11
00007871;213795;да;7;0;1;11
00007870;213794;да;11;3;1;11
00007119;213793;да;12;5;1;11
00006961;213792;да;1;0;1;11
00003510;213791;да;16;4;1;15
00003509;213790;да;38;37;1;11
00003340;213789;да;36;16;1;11
00003339;213788;да;26;29;1;12
00002927;213787;да;17;11;1;11
00002229;213786;да;34;23;1;10
00001143;213785;да;26;0;1;11
00002360;213784;нет;0;0;1;0
00001216;213783;да;47;0;1;10
00000345;213782;да;73;44;1;10
00000341;213781;да;17;21;1;10
00179076;213780;да;2;0;1;12
00127855;213779;да;4;2;1;13
00127854;213778;нет;0;0;1;0
00127853;213777;да;19;5;1;13
00181375;213776;нет;0;0;1;0
00093973;213775;да;1;1;1;14
00093972;213774;да;0;1;1;14
00119226;213773;да;7;6;1;14
00099298;213772;да;27;36;1;14
00182579;213771;нет;0;0;1;0
00182577;213770;да;0;1;1;13
00199408;213769;нет;0;0;1;0
00198244;213768;да;0;1;0;4
00201401;213767;нет;0;0;1;0
00198625;213766;нет;0;0;1;0
00180139;213765;нет;0;0;1;0
00176609;213764;да;4;4;1;8
00165349;213763;да;0;12;1;4
00162238;213762;да;16;11;1;5
00075787;213761;нет;0;0;1;0
00199402;213760;нет;0;0;1;0
00201584;213759;нет;0;0;1;0
00189628;213758;да;6;7;1;14
00193721;213757;да;0;1;1;36
00189629;213756;да;9;8;1;14
00197744;213755;нет;0;0;1;0
00196718;213754;да;0;2;1;0
00193790;213753;да;0;2;1;2
00193789;213752;нет;0;0;1;0
00175419;213751;да;2;2;1;5
00175418;213750;нет;0;0;1;0
00165172;213749;да;11;6;1;5
00155109;213748;нет;0;0;1;0
00148643;213747;нет;0;0;1;0
00148642;213746;да;1;0;1;7
00181376;213745;да;1;0;1;13
00103706;213744;да;1;2;1;14
00094289;213743;да;1;0;1;14
00094288;213742;да;0;2;1;14
00119233;213741;да;1;0;1;14
00099299;213740;да;24;17;1;14
00182239;213739;да;2;0;1;12
00179078;213738;нет;0;0;1;0
00142274;213737;нет;0;0;1;0
00142272;213736;да;0;1;1;13
00142271;213735;да;3;1;1;13
00016080;213734;да;2;0;1;12
00009101;213733;да;0;1;1;13
11608397;213732;да;4;6;1;5
11608393;213731;да;3;4;1;5
11608311;213730;да;2;7;1;5
11607881;213729;да;5;3;1;5
11607868;213728;да;1;1;1;4
11607545;213727;да;4;6;1;3
00196327;213726;да;1;5;1;5
11596056;213725;да;1;3;1;6
11595954;213724;да;0;1;1;10
11595953;213723;да;2;1;1;10
11595952;213722;да;26;13;1;10
11595951;213721;да;2;3;1;10
11595950;213720;да;1;2;1;10
11595948;213719;да;1;3;1;10
11595947;213718;да;1;1;1;10
11595945;213717;да;5;6;1;10
11595943;213716;да;1;3;1;10
11595941;213715;да;3;0;1;10
11595940;213714;да;0;2;1;10
11595938;213713;да;1;1;1;10
11595937;213712;да;2;0;1;10
11595936;213711;да;6;7;1;10
11595934;213710;да;6;11;1;10
11595933;213709;нет;0;0;1;0
11595932;213708;нет;0;0;1;0
11595931;213707;да;1;1;1;10
11595928;213706;да;6;3;1;10
11595926;213705;да;10;9;1;10
11595925;213704;да;18;8;1;10
11595924;213703;да;0;1;1;10
11595922;213702;да;45;44;1;10
11595921;213701;нет;0;0;1;0
11595919;213700;да;35;43;1;10
11595918;213699;да;28;29;1;10
11595914;213698;да;12;7;1;10
11595912;213697;да;7;0;1;10
11595896;213696;да;25;16;1;10
11595465;213695;да;0;1;1;5
11595420;213694;нет;0;0;1;0
11595368;213693;да;7;12;1;10
11595334;213692;да;3;2;1;10
11595332;213691;нет;0;0;1;0
11595324;213690;да;0;1;1;10
11595322;213689;да;12;9;1;10
11595277;213688;да;4;2;1;6
11595274;213687;да;1;3;1;6
11595271;213686;да;2;3;1;10
11595270;213685;да;3;4;1;10
11595267;213684;да;20;11;1;10
11595266;213683;да;0;1;1;6
11595265;213682;да;11;5;1;6
11595264;213681;да;1;1;1;10
11595262;213680;да;0;2;1;6
11595261;213679;да;2;0;1;10
11595260;213678;да;7;4;1;10
11595259;213677;да;1;2;1;6
11595258;213676;да;1;0;1;10
11595256;213675;нет;0;0;1;0
11595255;213674;да;8;4;1;10
11595254;213673;да;2;2;1;10
11595251;213672;да;2;0;1;6
11595250;213671;да;1;2;1;6
11595249;213670;да;4;2;1;6
11595244;213669;да;6;3;1;10
11595243;213668;да;20;31;1;10
11595091;213667;да;9;5;1;10
11595084;213666;да;0;1;1;10
11595083;213665;да;0;1;1;10
11595082;213664;да;3;5;1;10
11595080;213663;да;5;4;1;10
11595078;213662;да;3;2;1;10
11595077;213661;да;1;3;1;10
11595076;213660;да;2;3;1;10
11595075;213659;да;1;0;1;10
11595073;213658;да;0;1;1;10
11595072;213657;да;9;10;1;10
11595069;213656;да;10;9;1;10
11595068;213655;да;13;18;1;10
00192864;213654;да;3;0;1;9
00192851;213653;да;2;0;1;5
00192850;213652;да;11;5;1;9
00192845;213651;да;6;3;1;9
00192821;213650;да;4;6;1;9
00192810;213649;да;4;2;1;9
00178001;213648;да;5;5;1;10
00176017;213647;да;4;14;1;10
11351730;213646;да;1;3;1;10
11350124;213645;да;1;3;1;10
11252463;213644;нет;0;0;1;0
00162006;213643;да;2;3;1;5
00159684;213642;да;42;20;1;9
00159679;213641;да;5;3;1;5
00159668;213640;да;14;6;1;9
00159498;213639;да;9;2;1;5
00159475;213638;да;5;6;1;9
00159155;213637;да;8;7;1;10
00157014;213636;да;4;3;1;11
00157013;213635;да;4;6;1;11
00157012;213634;да;3;3;1;11
00157002;213633;да;7;12;1;11
00156992;213632;да;5;0;1;12
00156985;213631;да;20;8;1;11
00156982;213630;да;5;4;1;11
00156981;213629;да;4;5;1;11
00156972;213628;да;7;4;1;11
00156970;213627;да;11;6;1;11
00156966;213626;да;10;5;1;11
00156963;213625;да;4;3;1;11
00156962;213624;да;11;7;1;11
00156955;213623;да;1;0;1;10
00156952;213622;да;5;5;1;11
00156947;213621;да;2;2;1;11
00156937;213620;да;5;9;1;11
00156930;213619;да;9;3;1;11
00156924;213618;да;11;19;1;11
11083193;213617;да;26;28;1;10
11083157;213616;да;2;2;1;10
11059420;213615;да;26;46;1;10
11056698;213614;да;2;5;1;10
00097826;213613;да;0;2;1;2
11032179;213612;да;6;13;1;11
00068143;213611;да;0;14;1;11
11026261;213610;нет;0;0;1;0
11020677;213609;да;0;1;1;5
00116302;213608;нет;0;0;1;0
11003469;213607;нет;0;0;1;0
00104963;213606;да;4;10;1;11
00099921;213605;да;2;9;1;11
00073793;213604;да;2;2;1;11
00073480;213603;да;4;9;1;11
00073290;213602;да;4;10;1;11
00073217;213601;да;4;20;1;11
00056189;213600;да;0;4;1;11
00046017;213599;да;2;8;1;11
00040120;213598;да;1;0;1;10
00036526;213597;да;4;21;1;11
29433;213596;да;0;1;1;11
27513;213595;нет;0;0;1;0
25605;213594;да;1;0;1;11
00017224;213593;да;0;4;1;11
00016764;213592;да;0;8;1;6
00015776;213591;да;2;44;1;11
00015761;213590;да;0;3;1;10
00013936;213589;да;0;1;1;6
00012714;213588;да;0;1;1;11
00012713;213587;да;2;4;1;11
00012370;213586;да;1;2;1;11
00012180;213585;да;0;9;1;11
00012167;213584;да;2;14;1;11
00011367;213583;да;2;6;1;11
00011351;213582;да;0;3;1;10
00011120;213581;да;0;5;1;10
00010189;213580;да;0;2;1;11
00010130;213579;да;8;30;1;11
00010129;213578;да;2;2;1;11
00008384;213577;да;2;4;1;11
00008254;213576;да;2;7;1;11
00007984;213575;да;4;9;1;11
00007878;213574;да;3;2;1;12
00007452;213573;да;2;12;1;11
00006730;213572;да;0;1;1;8
00005263;213571;да;10;17;1;11
00004930;213570;да;2;3;1;11
00004721;213569;да;10;35;1;11
00002930;213568;да;4;0;1;13
11608325;213567;да;1;3;1;6
11608116;213566;да;0;1;1;6
11608108;213565;да;0;1;1;6
11607899;213564;да;8;4;1;5
11607894;213563;да;4;6;1;5
11607893;213562;да;6;9;1;5
11607887;213561;да;1;2;1;6
11607885;213560;да;4;2;1;6
11607727;213559;да;2;3;1;5
11607715;213558;да;3;4;1;5
11607710;213557;да;0;1;1;6
11607709;213556;да;1;3;1;6
11607679;213555;да;1;1;1;5
11607676;213554;да;5;15;1;5
11607673;213553;да;1;1;1;5
11607671;213552;да;4;6;1;5
11607670;213551;да;4;6;1;5
11607652;213550;да;3;4;1;6
11607650;213549;да;2;3;1;6
11607647;213548;да;0;1;1;6
11607645;213547;да;6;9;1;5
11607633;213546;нет;0;0;1;0
11607616;213545;да;1;3;1;6
11607604;213544;да;12;6;1;5
11607591;213543;да;4;6;1;5
11607585;213542;да;3;4;1;6
11607580;213541;да;0;1;1;6
11607568;213540;да;0;1;1;6
11607536;213539;да;5;15;1;5
11597944;213538;да;2;6;1;6
11597938;213537;да;4;6;1;6
11597937;213536;да;4;6;1;6
11597874;213535;да;6;3;1;6
11597851;213534;да;5;10;1;6
11597847;213533;да;5;2;1;7
11597843;213532;да;2;3;1;6
11597835;213531;да;5;8;1;6
11595869;213530;да;1;1;1;7
11595846;213529;да;0;1;1;8
11595845;213528;да;4;6;1;8
11595802;213527;да;5;6;1;8
11595782;213526;да;2;3;1;8
11595776;213525;да;14;7;1;7
11595767;213524;да;1;1;1;7
11595766;213523;да;2;3;1;7
11595763;213522;да;0;1;1;7
11595757;213521;да;1;0;1;6
11595746;213520;да;2;3;1;8
11595712;213519;да;1;3;1;7
11595663;213518;да;10;16;1;7
11595643;213517;да;1;3;1;7
11595631;213516;да;2;3;1;7
11595620;213515;да;2;0;1;7
11595592;213514;да;0;2;1;7
11595531;213513;нет;0;0;1;0
11595530;213512;да;2;0;1;7
11595444;213511;да;2;0;1;7
11595438;213510;да;6;7;1;7
11595437;213509;да;13;15;1;7
11595341;213508;да;6;3;1;7
11595337;213507;да;1;3;1;7
11595333;213506;да;0;1;1;7
11595321;213505;да;12;14;1;7
11595298;213504;нет;0;0;1;0
11595296;213503;да;0;1;1;7
11595282;213502;да;0;1;1;7
11595108;213501;да;7;7;1;7
11595097;213500;да;2;1;1;7
11595095;213499;да;2;2;1;7
11595092;213498;да;9;5;1;9
11595040;213497;да;7;5;1;6
00194921;213496;да;8;13;1;5
00192867;213495;да;5;3;1;6
00192866;213494;да;5;3;1;6
00192847;213493;да;4;6;1;6
00192728;213492;да;9;9;1;6
00185679;213491;да;26;569;1;6
11420986;213490;да;1;3;1;6
11420985;213489;да;1;1;1;6
11388696;213488;да;0;2;1;6
00172684;213487;да;8;11;1;6
00054408;213486;да;0;1;1;6
11250940;213485;да;1;1;1;7
00164943;213484;да;0;1;1;6
00159157;213483;да;10;5;1;7
00159124;213482;да;5;2;1;7
00159097;213481;да;4;7;1;7
00156814;213480;да;6;4;1;8
00156813;213479;да;2;0;1;8
00156807;213478;да;1;2;1;8
00156789;213477;да;13;0;1;7
00156776;213476;да;3;4;1;7
11094943;213475;да;0;1;1;6
11086762;213474;да;0;1;1;6
00146117;213473;да;21;9;1;8
00146105;213472;да;2;4;1;9
00146095;213471;да;6;4;1;9
00146083;213470;да;4;8;1;8
00146077;213469;да;6;9;1;7
00146064;213468;нет;0;0;1;0
00146061;213467;да;5;3;1;8
00146060;213466;да;1;1;1;8
00146058;213465;да;27;37;1;8
11046943;213464;да;0;2;1;5
11030024;213463;да;0;1;1;6
00118025;213462;да;0;1;1;6
00108292;213461;да;4;9;1;5
00107288;213460;да;1;3;1;7
00086497;213459;да;0;3;1;6
00080679;213458;да;2;3;1;6
00074623;213457;да;0;2;1;7
00066523;213456;да;0;6;1;6
00066522;213455;да;0;7;1;6
00066520;213454;да;0;3;1;5
00066478;213453;да;0;7;1;6
00066467;213452;да;0;5;1;5
00066465;213451;да;0;9;1;5
00066462;213450;да;0;4;1;6
00066450;213449;да;0;3;1;5
00066449;213448;да;0;9;1;5
00066448;213447;да;0;9;1;5
00066357;213446;да;0;4;1;5
00066286;213445;да;0;5;1;6
00064445;213444;да;0;1;1;6
00061315;213443;да;1;3;1;6
00043250;213442;да;1;5;1;5
00043249;213441;да;5;13;1;6
00036903;213440;да;0;2;1;6
00036053;213439;да;1;0;1;7
00034813;213438;да;0;1;1;6
40877;213437;да;1;0;1;6
28361;213436;да;1;1;1;6
27750;213435;да;0;1;1;6
27426;213434;да;2;26;1;5
26635;213433;да;0;1;1;8
26455;213432;да;2;13;1;6
00013877;213431;нет;0;0;1;0
00013406;213430;да;2;3;1;7
00012548;213429;да;0;1;1;2
00011973;213428;да;36;0;1;8
00009320;213427;нет;0;0;1;0
00008564;213426;да;0;1;1;7
00008497;213425;да;119;1137;1;6
00008406;213424;нет;0;0;1;0
00008265;213423;да;1;2;1;6
00008264;213422;да;7;0;1;6
00007821;213421;да;5;3;1;10
00007814;213420;нет;0;0;1;0
00007806;213419;да;8;8;1;8
00007640;213418;да;9;0;1;9
00007308;213417;нет;0;0;1;0
00006914;213416;да;1;2;1;6
00004871;213415;нет;0;0;1;0
00004303;213414;нет;0;0;1;0
00000326;213413;да;5;9;1;8
00199281;213412;да;0;1;1;25
00199280;213411;да;1;0;1;23
00188400;213410;да;1;0;1;21
00186828;213409;да;1;0;1;17
00184793;213408;да;3;2;1;20
00184792;213407;да;2;0;1;21
00180205;213406;да;30;26;1;15
00180204;213405;да;27;28;1;15
00180203;213404;да;12;4;1;15
00176967;213403;да;9;8;1;14
00176966;213402;да;14;12;1;14
00176964;213401;да;17;13;1;15
00191448;213400;да;3;2;1;11
00191446;213399;да;39;33;1;15
00191445;213398;да;6;3;1;15
00190216;213397;да;1;0;1;15
00190212;213396;да;9;1;1;14
00190211;213395;да;2;0;1;15
00186824;213394;нет;0;0;1;0
00186823;213393;да;1;0;1;12
00184776;213392;да;2;0;1;12
00195006;213391;да;1;0;1;4
00195005;213390;да;2;0;1;5
00186851;213389;да;6;3;1;6
00186850;213388;да;2;0;1;5
00190220;213387;да;2;2;1;11
00190219;213386;нет;0;0;1;0
00186844;213385;да;4;0;1;10
00199074;213384;нет;0;0;1;0
00199073;213383;нет;0;0;1;0
00199072;213382;да;0;6;1;7
00193568;213381;да;1;0;1;9
00193566;213380;нет;0;0;1;0
00193565;213379;нет;0;0;1;0
00193564;213378;нет;0;0;1;0
00193562;213377;да;5;0;1;8
00193560;213376;да;8;0;1;8
00193559;213375;да;4;0;1;8
11420075;213374;да;6;0;1;6
11387147;213373;да;5;0;1;6
11380234;213372;нет;0;0;1;0
00195680;213371;да;16;59;1;4
00195679;213370;да;10;0;1;6
11541971;213369;нет;0;0;1;0
11541967;213368;нет;0;0;1;0
11541963;213367;нет;0;0;1;0
11541962;213366;да;2;1;1;25
11665823;213365;да;1;3;1;3
11608447;213364;да;0;1;1;6
11608391;213363;да;1;1;1;5
11608329;213362;да;1;2;1;5
11608321;213361;да;1;1;1;6
11608319;213360;да;2;2;1;6
11608317;213359;да;4;6;1;6
11608277;213358;да;0;1;1;6
11608233;213357;да;0;1;1;5
11608201;213356;нет;0;0;1;0
11608181;213355;нет;0;0;1;0
11608147;213354;да;0;1;1;6
11608042;213353;нет;0;0;1;0
11608006;213352;да;4;2;1;7
11608004;213351;да;0;1;1;5
11607994;213350;нет;0;0;1;0
11607964;213349;да;1;2;1;6
11607901;213348;да;1;2;1;6
11607747;213347;да;1;1;1;6
11607612;213346;нет;0;0;1;0
11595859;213345;да;1;1;1;6
11595858;213344;да;2;8;1;7
11595806;213342;да;1;1;1;8
00193137;213340;да;0;1;1;4
00162484;213328;нет;0;0;1;0
00010198;213311;да;1;2;1;6
11665885;213310;да;8;12;1;3
11665869;213309;да;8;0;1;3
11665858;213308;да;8;16;1;3
11665853;213307;да;5;10;1;3
11665852;213306;да;10;30;1;3
11665843;213305;да;2;6;1;3
11665829;213304;да;20;30;1;3
00202289;213303;да;0;1;1;1
11607906;213301;да;10;17;1;5
11607875;213300;да;3;4;1;5
11607874;213299;да;2;9;1;5
11607845;213298;да;20;30;1;5
11607842;213297;да;10;20;1;5
11607834;213296;да;12;6;1;5
11607826;213295;да;10;13;1;5
11607680;213293;да;5;15;1;5
11607672;213292;да;15;40;1;5
11607669;213291;да;1;2;1;6
11607572;213290;да;5;15;1;5
11596057;213288;да;5;0;1;6
11596054;213287;да;3;3;1;6
11596051;213286;да;4;3;1;6
11596049;213285;да;6;5;1;6
11596043;213284;да;9;6;1;6
11596042;213283;да;2;2;1;6
11596039;213282;да;2;0;1;6
11596038;213281;да;3;3;1;6
11596036;213280;да;2;3;1;6
11595982;213279;да;2;0;1;6
11595980;213278;нет;0;0;1;0
11595979;213277;да;1;0;1;6
11595974;213276;нет;0;0;1;0
11595973;213275;да;5;7;1;6
11595968;213274;да;7;0;1;6
11595966;213273;да;1;1;1;6
11595964;213272;да;0;2;1;6
11595963;213271;да;3;4;1;6
11595962;213270;да;1;1;1;6
11595961;213269;да;3;0;1;6
11595960;213268;да;1;3;1;6
11595957;213267;да;10;5;1;6
11595956;213266;нет;0;0;1;0
11595910;213265;да;2;0;1;7
11595908;213264;да;4;2;1;7
11595907;213263;да;2;0;1;6
11595906;213262;да;5;2;1;6
11595905;213261;да;7;3;1;6
11595898;213260;да;3;2;1;6
11595843;213259;да;4;1;1;6
11595821;213258;да;6;0;1;6
11595819;213257;да;2;1;1;6
11595818;213256;да;2;3;1;7
11595627;213255;да;0;1;1;6
11595583;213254;да;1;0;1;6
11595471;213253;да;1;0;1;7
11595454;213252;да;1;3;1;6
11595406;213251;да;1;1;1;6
11595404;213250;да;1;1;1;6
11595393;213249;да;1;3;1;6
11595359;213248;да;5;3;1;6
11595290;213246;да;0;2;1;6
11595253;213245;да;0;1;1;6
11595238;213244;да;2;1;1;6
11595235;213243;да;1;1;1;6
11595232;213242;да;1;2;1;6
11595231;213241;да;1;1;1;6
11595230;213240;да;1;2;1;6
11595153;213239;да;1;3;1;6
11595151;213238;да;4;4;1;6
11595067;213237;да;0;5;1;6
11595066;213236;да;2;0;1;6
00192857;213235;да;4;6;1;5
00192853;213234;да;5;10;1;5
00192812;213233;да;4;6;1;5
00192807;213232;да;1;2;1;5
00192744;213231;да;3;0;1;5
11562473;213230;да;1;2;1;2
11560370;213229;да;2;9;1;3
00192315;213228;да;2;3;1;5
00192260;213227;да;1;2;1;3
00192259;213226;да;0;1;1;3
11497653;213224;да;2;2;1;3
11497652;213223;да;2;6;1;3
11497576;213222;да;2;4;1;3
11497552;213221;да;4;6;1;3
11497548;213220;да;2;6;1;3
11497544;213219;да;2;4;1;3
11497542;213218;да;4;6;1;3
11497540;213217;да;1;6;1;3
11497537;213216;да;1;1;1;3
11497534;213215;да;0;1;1;3
11497533;213214;да;4;4;1;3
11497532;213213;да;4;6;1;3
11497531;213212;да;4;6;1;3
11497530;213211;да;4;3;1;3
11497528;213210;да;2;4;1;3
11497526;213209;да;4;6;1;3
11497525;213208;да;4;7;1;3
11497523;213207;да;2;2;1;3
11497519;213206;да;2;2;1;3
11497518;213205;да;2;2;1;3
11497517;213204;да;2;8;1;3
11497513;213203;нет;0;0;1;0
11497512;213202;да;1;1;1;3
11497510;213201;да;0;2;1;3
11497509;213200;да;1;1;1;3
11497506;213199;да;0;1;1;3
11497505;213198;да;0;4;1;3
11497500;213197;да;2;0;1;3
11497432;213196;да;2;4;1;3
00188725;213194;да;2;2;1;3
00188722;213193;да;2;14;1;3
00188261;213191;да;2;7;1;3
00188252;213190;да;2;8;1;3
00188064;213189;да;2;8;1;3
00188027;213188;да;2;3;1;3
11452219;213187;да;8;4;1;3
11452204;213186;да;2;4;1;3
11452190;213185;да;3;2;1;3
11452175;213183;да;15;10;1;3
11452173;213182;да;5;6;1;3
11452162;213181;да;17;2;1;3
11452155;213180;да;8;2;1;3
11452148;213179;да;3;7;1;3
11452134;213178;да;7;2;1;3
11452127;213177;да;7;3;1;3
11452125;213176;да;22;5;1;3
11452115;213175;да;7;5;1;3
11452111;213174;да;7;3;1;3
11452028;213173;да;0;1;1;3
11452025;213172;да;2;1;1;3
11452013;213171;да;4;2;1;3
11451989;213170;да;1;0;1;3
11451982;213169;да;2;0;1;3
11451965;213168;да;0;1;1;3
11451963;213167;да;2;0;1;3
11451951;213166;да;0;1;1;3
11451950;213165;да;0;1;1;3
11451943;213164;да;1;1;1;3
11451936;213163;да;1;1;1;3
11451934;213162;да;2;2;1;3
11450209;213161;да;1;0;1;4
11450201;213160;да;0;1;1;3
11450194;213159;да;0;1;1;4
11450180;213158;да;3;2;1;3
11450113;213157;да;21;5;1;3
11450112;213156;да;19;3;1;3
11450104;213155;да;3;5;1;3
11450085;213154;да;21;7;1;3
11450073;213153;да;15;5;1;3
11409840;213152;да;2;2;1;5
00179853;213148;да;3;0;1;6
11391500;213147;да;10;25;1;5
00177743;213144;да;1;0;1;6
11357144;213143;да;3;5;1;7
11351971;213141;да;2;4;1;6
11333457;213140;да;1;1;1;5
11303883;213139;да;3;5;1;5
11294433;213138;да;2;8;1;5
11288839;213137;да;2;4;1;5
11250942;213135;да;1;0;1;5
11250938;213134;да;10;29;1;5
00164156;213131;да;2;3;1;5
00159707;213130;да;4;7;1;5
00159706;213129;да;4;6;1;5
00159689;213128;да;2;3;1;5
00159688;213127;да;2;2;1;5
00159520;213126;да;7;3;1;5
00159482;213125;да;0;1;1;5
00159480;213124;да;1;0;1;5
00159479;213123;да;6;4;1;5
00159473;213122;нет;0;0;1;0
00159470;213121;да;2;0;1;5
00159461;213120;да;4;1;1;5
00159336;213119;да;1;4;1;6
00159326;213118;да;8;6;1;6
00159325;213117;нет;0;0;1;0
00159324;213116;да;3;0;1;6
00159312;213115;да;2;3;1;6
00159286;213114;да;2;7;1;5
00159210;213113;да;3;5;1;6
11128727;213112;да;1;1;1;5
00157150;213111;нет;0;0;1;0
00157062;213110;да;2;0;1;7
00157061;213109;да;1;0;1;7
00157060;213108;да;5;0;1;7
00157059;213107;да;3;0;1;7
00157058;213106;да;5;8;1;7
00157055;213105;да;29;34;1;7
00157054;213104;да;20;22;1;7
00157053;213103;да;9;5;1;7
00157052;213102;да;20;36;1;7
00157051;213101;да;23;27;1;7
00157049;213100;да;5;0;1;7
00157046;213099;да;10;0;1;7
00157045;213098;да;7;0;1;7
00157041;213097;да;6;0;1;7
00157035;213096;да;3;8;1;7
00157034;213095;да;4;2;1;7
00157031;213094;нет;0;0;1;0
00157030;213093;да;1;0;1;7
00157029;213092;да;1;3;1;7
00157028;213091;да;33;17;1;7
00157026;213090;да;4;8;1;7
00157022;213089;да;7;3;1;7
00157021;213088;да;4;6;1;6
00157020;213087;да;1;3;1;6
00157019;213086;да;6;3;1;7
00157018;213085;да;18;21;1;7
00156973;213084;нет;0;0;1;0
00156817;213083;да;2;8;1;7
00156700;213082;да;1;0;1;7
11113745;213081;да;0;1;1;5
11082819;213078;да;2;5;1;5
11072713;213075;да;0;1;1;3
11072712;213074;да;0;1;1;3
11064951;213073;да;1;0;1;5
11058367;213070;да;1;0;1;5
11050895;213069;да;1;2;1;5
11049612;213068;да;4;5;1;5
00123521;213067;да;0;3;1;7
11041374;213066;да;1;2;1;5
11039583;213065;да;0;1;1;5
11022832;213063;да;5;13;1;5
00117855;213062;да;1;24;1;5
11015956;213061;да;3;0;1;5
11004036;213056;да;1;1;1;5
00096640;213054;да;2;3;1;5
00090403;213052;да;0;1;1;4
00077525;213051;да;3;3;1;7
00027639;213049;да;2;15;1;6
00021964;213048;да;1;3;1;7
00021125;213047;нет;0;0;1;0
00065555;213046;да;3;6;1;6
00059926;213045;да;0;6;1;5
00058839;213044;нет;0;0;1;0
00056720;213043;нет;0;0;1;0
00053253;213041;да;3;5;1;7
00046233;213039;да;0;22;1;7
00046073;213038;да;2;6;1;5
00046022;213036;да;1;0;1;6
00044531;213035;да;0;3;1;4
00042684;213033;да;2;6;1;7
00042060;213032;да;3;1;1;7
00038656;213030;да;2;8;1;7
00035698;213029;да;2;0;1;6
00032930;213028;да;10;29;1;6
00031393;213027;да;1;4;1;5
00031366;213026;да;2;4;1;5
00030792;213025;да;0;1;1;5
00030777;213024;да;2;5;1;9
00030229;213023;да;4;9;1;8
00019545;213022;да;2;3;1;8
00018619;213021;да;6;7;1;8
40796;213020;да;1;2;1;8
27681;213018;да;2;4;1;5
26865;213017;да;0;12;1;7
25538;213016;да;0;10;1;5
00017166;213015;да;10;30;1;8
00015922;213014;да;0;1;1;5
00011845;213013;да;2;3;1;5
00011844;213012;да;5;12;1;5
00010410;213010;да;0;3;1;5
00010387;213009;да;1;0;1;5
00008546;213006;да;2;8;1;5
00008388;213005;да;0;2;1;5
00005261;213003;да;10;72;1;5
11665860;213002;да;2;3;1;3
11665831;213001;да;3;7;1;3
11665815;213000;да;8;12;1;3
11665807;212999;да;4;6;1;5
11597901;212996;да;2;3;1;9
11597862;212995;да;5;10;1;4
11596020;212986;да;4;5;1;9
11596010;212981;да;1;3;1;9
11595989;212971;да;1;0;1;9
11595063;212958;нет;0;0;1;0
11595060;212957;да;10;5;1;8
00188291;212940;да;1;4;1;3
00188277;212939;да;2;4;1;3
00188014;212938;да;2;4;1;3
11452172;212933;да;4;2;1;3
11452171;212932;нет;0;0;1;0
11452112;212929;да;7;3;1;3
11452110;212928;нет;0;0;1;0
11452036;212922;да;9;1;1;3
11450070;212919;да;7;2;1;3
11450069;212918;да;7;3;1;3
11450062;212917;да;13;5;1;3
00179854;212916;да;1;2;1;9
00164174;212915;да;5;7;1;9
00159327;212913;да;0;2;1;11
00156570;212909;да;4;6;1;7
00156458;212904;да;7;10;1;11
00156457;212903;да;0;2;1;11
00156452;212902;нет;0;0;1;0
11106389;212900;да;0;3;1;11
00146008;212892;нет;0;0;1;0
00146003;212888;да;1;0;1;11
00145983;212883;да;14;11;1;11
00145975;212878;да;2;1;1;11
00117624;212865;да;0;1;1;14
00070451;212863;нет;0;0;1;0
00058757;212861;нет;0;0;1;0
00039945;212859;да;0;1;1;15
40782;212857;да;0;1;1;5
00016285;212855;да;0;1;1;15
00013909;212853;нет;0;0;1;0
00013040;212852;да;0;2;1;6
00007566;212843;да;0;1;1;13
00006833;212841;да;5;8;1;10
00002683;212834;да;23;0;1;6
00002680;212833;нет;0;0;1;0
00188069;212779;да;2;3;1;5
11394846;212763;да;0;1;1;6
11394845;212762;да;1;2;1;6
00165497;212760;да;1;2;1;7
11130246;212757;да;0;1;1;7
11122529;212755;да;0;1;1;7
00156849;212744;да;0;1;1;9
00156847;212743;да;0;1;1;9
00156842;212739;да;5;4;1;9
00156841;212738;да;1;1;1;9
00156840;212737;да;3;4;1;9
00156839;212736;да;0;2;1;9
00146138;212717;да;3;2;1;9
00146137;212716;да;2;3;1;8
00146136;212715;да;2;3;1;9
11077942;212706;да;2;4;1;6
11052363;212704;да;0;1;1;8
00093087;212701;да;1;1;1;7
00096449;212694;да;0;1;1;9
00070663;212693;да;0;1;1;6
00011158;212692;да;0;1;1;10
00000058;212687;да;5;0;1;8
00202800;212685;да;0;4;1;3
11665882;212684;да;5;15;1;3
11665846;212683;да;8;12;1;3
00200702;212682;да;0;6;1;2
11607688;212681;да;0;1;1;4
00196458;212679;да;0;8;1;2
00196455;212678;да;0;14;1;2
00196454;212677;да;0;10;1;2
00196453;212676;да;0;10;1;2
00196452;212675;да;0;3;1;2
11597962;212674;да;4;6;1;4
11597951;212673;да;1;4;1;4
11597909;212672;да;4;6;1;4
11597894;212671;да;4;3;1;5
11596030;212670;да;0;1;1;6
11596029;212669;да;4;6;1;6
11595886;212668;нет;0;0;1;0
11595882;212667;нет;0;0;1;0
11595873;212666;нет;0;0;1;0
11595835;212665;да;5;18;1;6
11595803;212663;да;5;0;1;6
11595676;212661;да;0;1;1;6
11595591;212660;да;1;1;1;6
11595451;212659;да;5;3;1;6
11595397;212658;да;6;2;1;6
00195332;212657;да;4;6;1;2
00195055;212656;да;2;3;1;6
00195044;212655;да;3;1;1;5
00194836;212654;да;0;1;1;4
00194835;212653;да;0;1;1;4
00194834;212652;да;0;1;1;4
00194833;212651;да;0;1;1;4
00194832;212650;да;0;1;1;4
00194826;212646;да;0;1;1;4
00194825;212645;да;0;1;1;4
00194477;212640;да;0;8;1;2
00193453;212638;да;3;3;1;4
00192815;212637;да;2;1;1;6
00192790;212636;да;4;7;1;6
00192786;212635;да;4;10;1;5
00192784;212634;да;4;6;1;5
00192760;212633;да;4;8;1;6
11562703;212632;да;1;3;1;2
11562205;212631;да;10;22;1;2
11561403;212630;да;0;7;1;2
11561390;212629;да;0;1;1;2
11561384;212628;да;0;1;1;2
11561307;212627;да;1;1;1;2
11561219;212626;нет;0;0;1;0
11561197;212625;да;0;10;1;2
11561195;212624;да;0;2;1;2
11560537;212623;да;0;3;1;2
11559862;212622;да;0;1;1;2
11559572;212621;да;0;4;1;2
11559552;212620;да;4;6;1;2
11559541;212619;нет;0;0;1;0
11559534;212618;да;4;6;1;2
11559466;212617;нет;0;0;1;0
11559451;212616;да;10;14;1;3
11559428;212615;да;4;6;1;2
11559353;212614;да;0;10;1;2
11559122;212613;да;0;1;1;2
11559120;212612;да;0;2;1;2
11559027;212611;да;0;1;1;2
00192553;212610;да;2;1;1;2
00192551;212609;да;10;2;1;3
00192275;212608;нет;0;0;1;0
00192273;212607;нет;0;0;1;0
00192272;212606;да;0;1;1;2
00192270;212605;да;0;2;1;2
00192269;212604;да;1;1;1;2
00192268;212603;да;0;1;1;2
00192265;212602;да;0;2;1;2
00192250;212601;нет;0;0;1;0
00192249;212600;нет;0;0;1;0
00192225;212599;да;0;35;1;2
00191857;212598;да;2;6;1;3
00191849;212597;да;2;3;1;2
00191261;212595;да;6;12;1;3
00190805;212593;да;2;3;1;3
11515086;212592;да;0;1;1;4
11515085;212591;да;0;1;1;4
00189820;212590;да;3;2;1;6
11497649;212588;да;1;1;1;3
11497647;212587;да;1;1;1;3
11497640;212586;да;2;2;1;3
11497630;212585;да;2;2;1;3
11497616;212584;да;0;1;1;3
11497613;212583;да;1;1;1;3
11497612;212582;да;4;4;1;2
11497611;212581;да;1;1;1;3
11497610;212580;да;4;6;1;2
11497609;212579;да;1;1;1;2
11497608;212578;да;4;6;1;2
11497606;212577;да;1;1;1;2
11497603;212576;да;5;5;1;3
11497602;212575;да;2;2;1;2
11497597;212574;да;0;4;1;2
11497489;212573;да;5;5;1;3
11497482;212572;да;4;6;1;2
11497464;212571;да;2;2;1;3
11497426;212570;да;10;10;1;4
11497419;212569;да;4;6;1;2
11497418;212568;да;4;6;1;2
11497416;212567;да;1;5;1;4
11497414;212566;да;5;5;1;4
11497411;212565;да;4;10;1;2
11497410;212564;нет;0;0;1;0
11497403;212563;да;2;3;1;2
11497401;212562;да;2;2;1;2
00188752;212559;да;3;7;1;3
00188751;212558;да;3;7;1;3
00188745;212557;да;5;4;1;3
00188345;212554;да;2;10;1;2
00188066;212552;да;4;6;1;3
11457015;212551;да;0;4;1;5
11452218;212549;да;2;6;1;2
11452200;212548;да;0;2;1;3
11452177;212547;да;3;3;1;3
11452018;212543;да;1;0;1;3
11451960;212542;да;1;1;1;3
11451930;212541;да;0;1;1;3
11451929;212540;да;0;1;1;3
11451927;212539;да;0;1;1;3
11450169;212538;да;2;1;1;3
11450168;212537;да;0;1;1;4
11450165;212536;да;7;3;1;3
11450164;212535;да;0;1;1;4
11450163;212534;да;3;2;1;4
11450162;212533;да;6;0;1;4
11450159;212532;да;3;1;1;3
11450101;212530;да;4;2;1;3
11450100;212529;да;4;2;1;3
11409197;212521;да;0;1;1;4
11381005;212510;да;0;1;1;5
11372177;212509;да;2;5;1;5
11361317;212508;да;0;1;1;5
11324894;212507;да;0;1;1;5
11307393;212506;да;0;1;1;4
11307391;212505;да;0;1;1;4
11300219;212504;да;3;9;1;5
11285984;212502;да;4;3;1;5
11267191;212499;да;1;0;1;5
11263370;212498;да;1;1;1;5
11261093;212497;да;2;4;1;5
11234299;212494;да;0;1;1;4
11232503;212493;да;2;7;1;5
11232500;212492;да;3;6;1;5
11232492;212490;да;2;4;1;5
11201362;212487;да;0;2;1;5
11178528;212485;да;2;3;1;5
11173032;212483;да;0;1;1;5
11147208;212481;да;0;1;0;4
00159521;212478;да;4;6;1;5
00159489;212477;да;1;1;1;5
11134865;212475;да;3;3;1;5
11128798;212473;да;1;0;1;5
11127331;212472;да;1;4;1;5
11122339;212470;да;3;6;1;5
00157217;212469;да;15;13;1;6
00157176;212467;да;2;2;1;6
00157159;212466;да;22;10;1;7
00156918;212465;да;5;5;1;7
00156917;212464;да;9;5;1;7
00156902;212463;да;3;3;1;7
00156683;212462;нет;0;0;1;0
00156668;212461;да;10;10;1;7
00156448;212460;да;14;15;1;7
00156447;212459;да;2;3;1;7
11119618;212458;да;0;1;1;2
11117176;212457;да;1;2;1;5
11111266;212456;да;0;1;1;4
11110568;212452;да;2;8;1;4
11110434;212451;да;2;5;1;5
11103078;212449;да;7;0;0;5
11097500;212448;да;3;6;1;5
11096610;212447;да;1;3;1;5
11086895;212444;да;2;4;1;5
11081790;212443;да;9;13;1;5
11073784;212440;да;0;1;1;4
11073783;212439;да;0;1;1;4
11073782;212438;да;0;1;1;4
11073781;212437;да;0;1;1;4
11073425;212433;да;4;8;1;5
11070388;212430;да;0;5;0;5
11070352;212429;да;0;27;1;5
11065062;212428;да;3;4;1;5
11058965;212425;да;4;7;1;5
11058914;212424;да;0;10;0;3
11057888;212423;да;0;5;1;5
11052551;212420;нет;0;0;1;0
11050305;212409;да;2;4;1;5
11045858;212408;да;4;7;1;5
11043990;212407;да;1;1;1;5
11043886;212402;да;1;1;1;5
11043885;212401;да;5;10;1;5
11043500;212397;да;5;0;1;5
00123714;212396;да;0;1;0;4
11042147;212395;да;3;5;1;5
11042017;212394;да;0;2;0;3
11041392;212393;да;5;7;1;5
11041391;212392;да;4;6;1;5
11041390;212391;да;1;0;1;5
11039502;212388;да;3;10;1;5
11038770;212387;да;3;1;1;5
00100406;212386;да;1;1;1;7
11034292;212385;да;0;1;1;5
11033648;212382;да;1;2;1;5
11033034;212380;да;0;1;1;5
11032712;212378;да;1;2;1;5
11031903;212376;да;4;4;1;5
00062534;212375;да;2;4;1;5
00117552;212366;да;0;1;1;5
11020805;212365;да;2;3;1;5
00112845;212362;да;3;5;1;7
00112021;212361;да;3;5;1;5
11009488;212360;да;4;8;1;5
11006473;212359;да;3;5;1;5
11005444;212358;да;6;2;1;5
00108816;212357;да;2;2;1;5
11005077;212355;да;0;1;1;7
11004033;212354;да;0;1;1;5
00106810;212353;да;7;27;1;5
00104536;212351;да;6;2;1;5
00104139;212350;да;3;5;1;5
00102708;212349;нет;0;0;1;0
00101290;212348;да;0;1;1;5
00100020;212347;да;1;0;1;5
00099920;212346;да;0;1;1;5
00097032;212345;да;4;7;1;5
00095718;212343;да;2;7;1;4
00093117;212342;да;2;8;1;6
00093110;212341;да;0;8;1;4
00088562;212340;да;8;17;1;5
00085929;212338;да;0;2;0;2
00085686;212337;да;0;1;1;5
00080794;212331;да;1;7;1;6
00080276;212330;да;0;6;1;5
00079006;212329;да;3;5;1;5
00076744;212328;да;0;2;1;5
00075569;212327;да;4;7;1;5
00027867;212325;да;2;3;1;5
00026777;212324;да;1;2;1;5
00025867;212323;нет;0;0;1;0
00025849;212322;да;0;1;0;2
00025310;212321;да;0;18;1;5
00069628;212319;да;1;0;1;5
00069627;212318;да;6;7;1;5
00069625;212317;да;3;4;1;5
00069623;212316;да;5;6;1;5
00069621;212315;да;2;3;1;5
00069620;212314;да;1;2;1;5
00068816;212305;да;3;5;1;6
00065618;212304;да;6;6;1;5
00064269;212302;да;0;2;1;5
00064075;212301;да;2;7;1;5
00057860;212300;да;0;3;1;5
00056609;212299;да;0;1;1;5
00055202;212296;да;1;2;1;6
00053378;212286;нет;0;0;1;0
00053361;212280;да;3;3;1;5
00053360;212279;да;3;4;1;5
00053359;212278;да;1;0;1;5
00053358;212277;да;0;1;1;6
00053356;212276;да;0;1;1;5
00052580;212274;да;2;5;1;5
00052394;212273;да;3;5;1;5
00052393;212272;да;2;5;1;5
00052298;212271;да;0;4;1;5
00051162;212265;да;4;11;1;5
00050747;212264;да;0;1;1;5
00050662;212263;да;0;10;1;4
00050622;212262;да;0;1;1;5
00050457;212261;да;1;0;1;6
00050342;212260;да;2;8;1;7
00049185;212259;да;6;11;1;7
00048548;212257;да;2;0;1;7
00047760;212256;да;0;1;1;5
00047210;212255;да;3;12;1;5
00047208;212254;да;0;1;1;5
00047207;212253;да;1;2;1;5
00047205;212252;да;1;2;1;5
00047203;212251;да;2;2;1;5
00046857;212250;да;0;2;0;5
00046068;212249;да;0;1;1;4
00044069;212248;нет;0;0;1;0
00043441;212247;да;1;3;1;5
00042910;212246;нет;0;0;1;0
00042176;212244;да;5;9;1;5
00040780;212243;да;1;1;1;5
00040132;212242;да;2;4;1;7
00040051;212240;да;3;7;1;5
00039621;212239;да;1;2;1;5
00039614;212238;да;3;12;1;5
00039612;212237;да;1;5;1;5
00039611;212236;да;2;1;1;5
00039608;212235;да;0;1;1;5
00039607;212234;да;0;2;1;5
00039074;212233;да;1;2;1;5
00038655;212232;да;2;4;1;5
00038654;212231;да;0;5;1;5
00038631;212230;да;0;2;1;6
00038555;212229;да;0;1;1;4
00038431;212228;да;0;4;1;5
00037975;212227;да;2;4;1;6
00037482;212226;да;5;6;1;7
00036709;212210;да;2;3;1;7
00036686;212209;да;1;0;1;5
00035407;212208;да;0;2;1;5
00035126;212207;да;2;6;1;5
00034949;212206;да;0;2;1;7
00034657;212205;да;0;1;1;4
00033908;212204;да;2;1;1;7
00033740;212203;да;10;26;1;8
00033511;212202;да;3;6;1;7
00033103;212201;да;0;1;1;2
00033036;212200;да;3;0;1;5
00032891;212199;да;0;9;0;4
00032185;212198;да;4;2;1;5
00032154;212197;да;0;1;1;6
00032025;212196;да;0;2;0;5
00032006;212195;да;1;1;1;5
00030904;212194;да;0;5;0;4
00030871;212193;да;7;15;1;5
00030869;212192;да;1;7;1;5
00030867;212191;да;1;0;1;6
00030758;212190;да;2;1;1;6
00019533;212189;да;1;0;1;5
00019532;212188;да;4;7;1;5
00019530;212187;да;1;3;1;5
00018864;212185;да;1;2;1;6
00018862;212184;да;3;6;1;5
00018614;212183;да;3;5;1;6
00018610;212182;да;2;2;1;5
40637;212181;да;5;11;1;5
40201;212180;да;1;0;1;5
31882;212179;да;7;18;1;5
31366;212178;да;2;1;1;5
29820;212177;да;1;0;1;6
29376;212176;нет;0;0;1;0
29128;212175;да;1;3;1;6
28555;212174;да;1;4;1;5
28444;212173;да;8;3;1;6
28134;212170;да;3;10;1;5
27715;212169;да;0;2;1;8
27555;212168;да;0;1;1;5
27551;212167;да;1;0;1;5
27512;212166;нет;0;0;1;0
27428;212165;да;5;9;1;5
27349;212164;да;3;5;1;4
26952;212163;да;1;3;1;5
25786;212162;да;7;16;1;5
25012;212161;да;1;1;1;5
00016386;212160;да;3;7;1;5
00016374;212159;да;5;6;1;5
00015924;212158;да;2;0;1;5
00012396;212157;да;6;10;1;5
00012235;212156;да;0;1;1;5
00012170;212155;да;0;1;1;5
00011948;212154;да;5;13;1;5
00011943;212153;да;0;1;1;5
00011941;212152;да;0;1;1;5
00011940;212151;да;3;5;1;5
00011889;212150;да;4;7;1;5
00011858;212148;да;0;1;1;5
00011767;212147;да;2;8;1;5
00011759;212146;да;0;1;1;5
00011757;212145;да;1;1;1;5
00011756;212144;да;4;7;1;5
00011751;212143;да;1;1;1;7
00011745;212140;да;1;2;1;5
00011743;212138;да;1;3;1;5
00011740;212135;да;3;10;1;5
00011736;212134;нет;0;0;1;0
00011734;212133;да;4;9;1;5
00011011;212132;нет;0;0;1;0
00010637;212131;да;4;5;1;8
00010472;212130;да;1;4;1;4
00010471;212129;да;4;5;1;5
00010407;212128;да;1;0;1;5
00009633;212127;да;2;0;1;5
00009528;212126;да;1;1;1;6
00009527;212125;да;2;2;1;5
00009526;212124;да;4;9;1;5
00008788;212123;да;0;1;1;8
00004161;212121;да;10;28;1;7
00004160;212120;да;0;1;1;6
00002766;212119;да;7;11;1;6
00199252;212117;да;0;1;1;1
11597963;212115;да;1;0;1;4
11595792;212113;да;2;3;1;6
11595786;212112;да;9;1;1;6
11595698;212111;нет;0;0;1;0
11595596;212110;да;2;0;1;6
11595510;212109;да;12;9;1;7
11595439;212108;да;3;2;1;7
11595217;212107;да;5;8;1;6
00192722;212106;да;4;0;1;6
00192626;212105;да;5;10;1;6
11562630;212104;да;0;2;1;2
11562627;212103;да;0;5;1;2
11562138;212101;да;0;14;1;2
11562135;212100;нет;0;0;1;0
11561703;212097;да;0;1;1;2
11560620;212095;да;0;1;1;2
11560519;212093;да;0;3;1;2
11560418;212092;да;0;1;1;2
11560417;212091;да;0;1;1;2
00192266;212088;да;1;8;1;2
00192261;212087;да;0;2;1;2
00190581;212086;да;2;7;1;2
11497626;212085;да;0;1;1;3
11497620;212084;да;1;1;1;2
11497572;212083;да;0;13;1;2
11497571;212082;да;2;2;1;2
11497570;212081;да;2;0;1;3
11497567;212080;да;2;2;1;3
11497566;212079;да;2;2;1;3
00188347;212078;да;0;2;1;3
00188346;212077;да;0;4;1;3
00188087;212075;да;0;3;1;2
11452279;212074;да;0;1;1;3
11452087;212071;да;4;2;1;3
11452009;212067;да;2;1;1;3
11452008;212066;да;1;1;1;3
11451975;212065;да;3;0;1;3
11451974;212064;да;7;3;1;3
11451949;212063;да;1;1;1;3
11450155;212062;да;2;0;1;3
11450130;212061;да;1;2;1;3
11450098;212060;да;0;1;1;3
11450093;212059;да;15;5;1;4
11450056;212058;да;0;2;1;3
11450055;212057;да;7;3;1;4
11450054;212056;да;3;2;1;3
11304318;212049;да;0;2;1;5
00165539;212047;да;5;0;1;6
00159153;212045;да;7;6;1;10
00157179;212044;да;1;0;1;7
00157173;212043;да;9;13;1;7
00157168;212042;да;3;0;1;7
00156896;212040;нет;0;0;1;0
00156895;212039;да;8;7;1;7
00156672;212038;да;3;7;1;7
00156586;212037;да;17;12;1;8
00156444;212035;да;1;2;1;7
00146027;212033;да;9;5;1;7
00146025;212031;да;4;0;1;7
00146024;212030;да;3;3;1;7
00146023;212029;да;22;23;1;7
00146022;212028;да;5;7;1;7
11034296;212027;да;2;9;1;6
00117522;212025;да;4;13;1;6
00113665;212024;да;0;11;1;5
00104159;212023;да;0;1;1;5
00082050;212022;да;11;23;1;5
00073278;212021;да;1;1;1;4
00070459;212019;да;1;1;1;6
00051438;212018;да;0;1;1;5
00030696;212016;да;0;2;1;4
30641;212014;да;0;3;1;5
00007915;212009;да;14;17;1;7
00004876;212006;нет;0;0;1;0
00004869;212005;да;2;4;1;5
00004868;212004;да;2;3;1;5
00202803;212003;да;0;1;1;3
11665890;212002;да;2;3;1;3
11665839;212001;да;1;1;1;3
11665836;212000;да;2;1;1;3
11665820;211999;да;2;4;1;3
00202263;211998;да;0;3;1;3
11608253;211995;да;0;2;1;6
11597908;211989;да;1;0;1;4
11597871;211988;да;2;10;1;4
11597860;211987;да;2;9;1;4
11596041;211986;да;4;4;1;6
11595892;211985;да;0;1;1;6
11595889;211984;нет;0;0;1;0
11595866;211983;да;8;10;1;7
11595829;211980;да;4;7;1;5
11595716;211979;да;1;2;1;7
11595623;211978;да;1;0;1;6
11595569;211976;да;1;1;1;6
11595413;211975;да;2;0;1;8
11595409;211974;да;2;3;1;6
11595229;211972;да;0;2;1;6
11595228;211971;да;4;0;1;6
11595206;211970;да;1;1;1;7
11595045;211968;да;0;2;1;6
11595027;211967;да;2;2;1;7
11562478;211964;да;7;22;1;3
00192283;211962;да;0;1;1;3
00192267;211961;да;0;1;1;3
00192264;211960;да;0;1;1;3
00192262;211959;нет;0;0;1;0
00191263;211958;да;0;1;1;2
11497644;211956;да;1;1;1;3
11497515;211955;да;0;1;1;3
11497514;211954;да;0;2;1;3
11497405;211953;да;1;0;1;3
11497395;211952;нет;0;0;1;0
00188712;211951;да;2;1;1;3
00188260;211949;нет;0;0;1;0
00188070;211948;да;2;4;1;3
00188015;211947;да;1;1;1;3
00188012;211946;да;2;4;1;3
11452246;211944;да;1;0;1;4
11452239;211941;да;1;1;1;3
11452236;211940;да;5;14;1;3
11452207;211938;да;0;1;1;3
11452182;211937;да;1;0;1;3
11452178;211936;да;2;0;1;3
11452159;211935;да;1;2;1;3
11452146;211934;да;0;1;1;3
11451983;211932;да;3;2;1;3
11451957;211931;да;0;1;1;3
11451942;211930;да;1;1;1;3
11450156;211929;да;49;3;1;3
11450107;211928;да;13;3;1;4
11450097;211927;нет;0;0;1;0
11450071;211926;да;5;1;1;3
11450059;211925;да;2;1;1;3
11412803;211923;да;0;1;1;6
00171067;211919;да;0;1;1;5
11318488;211917;нет;0;0;1;0
00162547;211913;нет;0;0;1;0
00162075;211912;да;42;1;1;7
00159329;211908;да;3;15;1;6
00159171;211907;нет;0;0;1;0
00159141;211906;да;17;0;1;6
00156988;211903;да;2;1;1;7
00156588;211902;да;3;3;1;8
00156579;211901;да;9;0;1;7
00156575;211900;да;8;19;1;7
00146021;211897;да;7;5;1;6
00146020;211896;да;3;5;1;6
11057987;211893;да;0;1;1;4
11043880;211889;да;1;3;1;2
00119600;211888;да;4;12;1;5
11023939;211887;да;1;2;1;4
00086586;211886;да;0;1;1;10
00066727;211884;да;0;1;1;4
00041565;211880;нет;0;0;1;0
31000;211877;да;10;14;1;6
00017330;211876;да;6;12;1;6
00013045;211875;да;0;1;1;11
11608406;211869;да;1;0;1;4
11608237;211866;да;1;1;1;4
11608014;211864;да;1;2;1;4
11607777;211850;да;1;1;1;5
11607776;211849;да;0;1;1;5
11607766;211846;да;1;1;1;4
11597924;211840;да;2;6;1;5
11596060;211839;да;1;0;1;6
11595430;211812;да;1;0;1;8
11595408;211811;да;1;1;1;7
11595358;211810;да;0;1;1;6
11595028;211795;да;0;1;1;6
00195077;211794;да;2;6;1;4
11441855;211792;да;4;13;1;6
11351040;211787;да;2;3;1;7
11340282;211785;да;2;5;1;5
00173087;211784;да;0;1;1;5
00173221;211783;да;0;1;1;4
11318487;211782;да;0;2;1;5
00170450;211781;да;0;3;1;5
11288459;211780;да;0;4;1;5
11287516;211778;да;0;5;1;5
11250930;211777;да;0;2;1;5
11234817;211776;да;1;0;1;6
00165560;211759;да;5;27;1;7
00162216;211752;да;0;1;1;5
00159186;211732;да;2;2;1;8
00157199;211713;да;6;0;1;8
00156718;211706;да;1;2;1;7
00147017;211703;да;1;2;1;1
00146202;211700;да;5;12;1;8
00146042;211694;да;11;18;1;7
00056365;211692;да;0;4;1;5
00047625;211691;да;2;12;1;8
00030824;211690;да;4;6;1;6
00030822;211689;да;1;2;1;6
00030819;211688;нет;0;0;1;0
00017226;211687;да;0;1;1;6
00014813;211686;да;2;1;1;6
11597876;211676;да;1;3;1;4
11595622;211674;да;1;0;1;6
11595367;211673;да;0;1;1;6
11595331;211672;нет;0;0;1;0
11497634;211664;да;4;4;1;3
00188341;211662;да;4;4;1;3
00188143;211661;да;1;0;1;3
11452012;211658;да;1;1;1;3
11451935;211657;да;3;2;1;3
11450182;211656;да;3;0;1;3
11450179;211655;да;3;2;1;4
11450136;211653;да;0;2;1;3
11450089;211652;да;9;3;1;4
11450081;211650;да;15;5;1;3
11450058;211648;да;3;1;1;3
00164164;211640;да;1;1;1;7
00157400;211637;да;2;3;1;7
00156693;211636;да;2;4;1;7
00146046;211633;да;3;3;1;6
00146041;211632;да;5;2;1;7
00146040;211631;да;4;2;1;7
11056636;211628;нет;0;0;1;0
11038130;211626;да;0;1;1;5
00115365;211621;да;8;5;1;7
00114879;211620;нет;0;0;1;0
27138;211611;нет;0;0;1;0
00008253;211598;да;6;6;1;5
00003154;211592;да;1;0;1;7
00002675;211591;да;2;0;1;6
00202264;211590;да;0;8;1;3
00194479;211582;да;0;99;1;2
00190803;211579;да;0;2;1;3
11497503;211577;да;4;5;1;3
00188253;211573;нет;0;0;1;0
00188094;211569;да;1;1;1;3
00188093;211568;да;2;2;1;3
00188030;211567;нет;0;0;1;0
00188028;211566;да;1;1;1;3
11402642;211561;да;0;1;1;3
00165540;211558;да;1;1;1;9
00108623;211551;да;3;5;1;5
00035357;211548;да;3;6;1;6
00011685;211544;да;0;2;1;5
00004545;211543;да;0;1;1;6
11597845;211542;да;7;6;1;4
00192774;211541;да;6;2;1;5
00192773;211540;да;2;11;1;5
00192758;211539;да;2;10;1;5
11560493;211536;да;0;1;1;3
00191741;211535;да;1;1;1;2
00190153;211533;да;1;1;1;2
00190137;211532;да;4;6;1;2
11497631;211531;да;1;0;1;3
11497629;211530;да;0;1;1;3
11497624;211529;да;0;4;1;3
11497623;211528;да;1;0;1;3
11497617;211527;да;1;1;1;3
11497587;211526;да;0;1;1;2
11497408;211525;да;0;1;1;2
00188348;211524;да;2;2;1;3
00188270;211523;да;0;4;1;2
00188125;211522;да;1;1;1;3
11452141;211517;да;3;2;1;3
11451959;211515;да;3;0;1;2
11450181;211514;да;4;0;1;3
11450117;211513;да;0;1;1;3
00165548;211510;да;4;0;1;6
00159250;211509;да;2;3;1;6
00159248;211507;да;4;2;1;6
00157196;211505;да;0;7;1;7
00157094;211502;да;5;6;1;7
00157093;211501;да;14;14;1;7
00045801;211499;да;2;3;1;4
00202909;211498;да;2;8;1;4
00202908;211497;да;2;8;1;4
00192970;211494;нет;0;0;1;0
00192968;211493;да;1;2;1;4
00191654;211491;да;0;0;1;10
11399014;211484;да;1;2;1;5
11399013;211483;да;8;10;1;7
11375790;211471;да;2;4;1;6
00176763;211467;да;3;4;1;5
11360263;211466;да;1;3;1;5
11608357;211454;да;0;1;1;6
11608296;211453;нет;0;0;1;0
11608292;211452;да;0;1;1;5
11608275;211451;да;0;1;1;9
11608235;211450;нет;0;0;1;0
11597857;211437;да;2;2;1;5
11595448;211421;да;0;2;1;6
00192764;211413;да;5;1;1;5
11560893;211411;да;0;1;1;3
00192373;211408;да;0;2;1;3
00192310;211405;нет;0;0;1;0
00191853;211403;да;3;7;1;3
00190344;211398;да;10;15;1;3
00188578;211392;да;0;2;1;3
00188338;211388;да;0;1;1;3
11417706;211345;да;0;1;1;2
00179838;211343;да;2;0;1;6
00167192;211336;нет;0;0;1;0
00163686;211332;да;2;4;1;5
00163682;211330;да;2;4;1;5
00162077;211327;да;7;5;1;6
00160811;211324;нет;0;0;1;0
00159338;211321;да;0;1;1;7
00159322;211320;нет;0;0;1;0
00159218;211308;нет;0;0;1;0
00159217;211307;да;0;1;1;7
00159187;211305;да;0;2;1;7
00159119;211304;да;32;14;1;6
00159105;211300;нет;0;0;1;0
00159104;211299;нет;0;0;1;0
00159101;211297;да;0;1;1;8
11130094;211295;да;0;1;1;5
11130093;211294;да;0;1;1;5
00157130;211293;да;13;5;1;7
00156878;211288;да;6;6;1;7
00156589;211280;да;93;13;1;7
11057990;211277;да;0;1;1;5
00122407;211271;нет;0;0;1;0
00056406;211262;да;0;1;1;5
00054580;211261;да;0;1;1;5
00045827;211258;нет;0;0;1;0
00011720;211248;да;1;1;1;5
00002865;211247;да;72;45;1;6
11665828;211245;да;2;3;1;3
11665825;211244;нет;0;0;0;0
11665822;211243;да;1;1;1;3
11665810;211242;да;3;0;1;3
11665806;211241;да;12;6;1;3
11608426;211239;да;0;2;1;5
11595848;211236;нет;0;0;1;0
11595401;211232;нет;0;0;1;0
11595218;211231;да;1;1;1;6
11497496;211230;да;2;2;1;4
11497493;211229;да;1;3;1;4
11497492;211228;да;1;2;1;4
11497458;211227;да;8;7;1;4
11497442;211226;да;5;5;1;4
00188949;211225;да;2;15;1;4
00188225;211224;да;2;3;1;4
11452066;211222;да;7;2;1;4
11452002;211221;да;7;2;1;4
11450049;211220;да;0;1;1;4
11393282;211217;да;0;3;1;5
00165542;211213;да;3;7;1;6
00159639;211211;да;10;5;1;5
00066494;211202;да;0;2;1;4
00066491;211201;да;0;4;1;5
00066358;211186;да;0;1;1;4
11665870;211180;да;3;7;1;3
11665865;211179;да;3;7;1;3
11665808;211178;да;2;6;1;3
00202040;211177;да;2;4;1;4
00197543;211175;да;1;0;1;4
11608217;211173;да;0;1;1;4
11607755;211168;да;2;4;1;4
11607602;211166;да;4;5;1;4
11607600;211165;да;4;11;1;4
11597965;211164;да;2;1;1;4
11596058;211163;да;2;4;1;6
11595865;211162;да;29;27;1;6
11595837;211161;да;6;3;1;6
11595836;211160;да;6;3;1;6
11595831;211159;да;1;0;1;6
11595827;211158;да;1;1;1;6
11595809;211155;да;11;9;1;6
11595801;211154;да;2;8;1;7
11595791;211153;нет;0;0;1;0
11595578;211151;да;9;7;1;6
11595456;211150;нет;0;0;1;0
11595403;211149;да;1;1;1;6
00192826;211148;нет;0;0;1;0
00192820;211147;да;2;0;1;5
00192779;211146;нет;0;0;1;0
00192750;211145;нет;0;0;1;0
00192747;211144;да;2;10;1;8
11561716;211142;да;0;20;1;2
11560999;211141;да;0;1;1;2
11560988;211140;да;0;1;1;2
11560754;211139;да;0;1;1;2
11560139;211138;да;0;2;1;2
11558860;211137;да;0;1;1;4
00192550;211133;да;0;2;1;2
00192313;211131;да;1;1;1;5
00192309;211130;да;0;2;1;5
00192226;211129;да;0;10;1;2
00192224;211128;да;0;11;1;2
00191851;211127;да;1;4;1;3
00189078;211124;да;5;5;1;3
11497638;211123;да;0;1;1;2
11497585;211122;да;0;1;1;3
11497584;211121;да;0;1;1;3
11497580;211120;да;0;1;1;3
11497574;211119;да;0;1;1;3
11497573;211118;да;0;2;1;3
11497568;211117;да;2;2;1;2
11497554;211116;да;2;5;1;2
11497508;211115;да;2;2;1;3
11497507;211114;да;4;6;1;2
11497423;211113;да;7;4;1;3
11497406;211112;да;1;1;1;2
00188579;211110;да;0;1;1;3
00188258;211108;да;0;1;1;3
00188250;211106;да;0;2;1;3
00188165;211104;да;2;2;1;3
00188088;211103;нет;0;0;1;0
00188026;211102;да;2;2;1;2
11484434;211101;да;0;1;1;1
11452152;211097;да;2;4;1;3
11452151;211096;да;3;1;1;3
11452147;211094;да;7;2;1;3
11452145;211093;да;7;4;1;3
11452144;211092;да;3;1;1;3
11452143;211091;да;7;1;1;3
11452142;211090;да;0;10;1;3
11452095;211089;нет;0;0;1;0
11452092;211087;да;3;3;1;2
11452091;211086;да;0;3;1;3
11452010;211084;да;3;2;1;3
11451990;211083;да;1;0;1;3
11451981;211082;да;0;1;1;3
11451978;211081;да;2;1;1;3
11451977;211080;да;0;1;1;3
11451976;211079;да;3;2;1;3
11451967;211078;да;3;0;1;3
11451966;211077;да;0;2;1;3
11451954;211076;да;1;1;1;3
11451953;211075;да;1;1;1;3
11451952;211074;да;0;1;1;3
11450207;211073;нет;0;0;1;0
11450206;211072;да;1;0;1;3
11450205;211071;да;0;1;1;3
11450203;211070;да;1;1;1;4
11450202;211069;да;3;0;1;3
11450178;211068;да;3;4;1;4
11450177;211067;нет;0;0;1;0
11450175;211066;да;7;3;1;3
11450173;211065;да;7;3;1;4
11450172;211064;нет;0;0;1;0
11450171;211063;да;1;0;1;3
11450149;211062;нет;0;0;1;0
11450135;211061;да;1;4;1;3
11450134;211060;да;2;2;1;3
11450094;211058;да;5;3;1;3
11247895;211052;да;2;10;1;5
00165546;211050;да;10;0;1;6
00160549;211048;да;0;1;1;5
00159641;211045;да;3;1;1;5
00159501;211044;да;6;5;1;5
00159462;211042;да;0;2;1;5
00159194;211041;да;5;5;1;6
00159120;211040;да;3;2;1;5
11130133;211038;да;0;1;1;6
00157214;211036;да;1;3;1;6
00156583;211035;да;5;6;1;7
00156581;211034;да;4;6;1;7
00156578;211033;да;3;6;1;7
00156576;211032;нет;0;0;1;0
11084793;211030;да;1;3;1;4
00146160;211029;да;2;2;1;6
00146159;211028;нет;0;0;1;0
00146158;211027;да;3;0;1;6
00146157;211026;да;12;28;1;6
11050502;211022;да;1;1;1;5
11032893;211021;да;1;1;1;5
00109333;211018;да;0;8;1;4
00088519;211015;да;0;4;1;4
00078835;211013;да;8;19;1;7
00057059;211010;да;1;2;1;7
00056188;211009;да;2;2;1;5
00050799;211008;да;0;4;1;5
29304;211002;нет;0;0;1;0
26951;211001;да;1;3;1;6
00012814;211000;да;0;3;1;1
00196529;210999;да;10;30;1;4
11607882;210997;да;5;7;1;4
11595854;210995;да;21;22;1;6
11595853;210994;да;2;0;1;8
11595349;210992;да;1;3;1;6
11595219;210991;да;0;1;1;7
11595205;210990;да;21;13;1;6
11595128;210989;да;1;3;1;6
00192778;210988;да;0;1;1;6
11562705;210987;да;0;4;1;2
00191246;210983;да;0;2;1;3
11497633;210982;да;2;2;1;3
11497628;210981;да;2;1;1;3
11497622;210980;да;2;2;1;3
11497607;210979;да;1;1;1;3
11497604;210978;да;0;6;1;3
11497600;210977;да;4;6;1;2
11497538;210976;да;4;5;1;3
11497485;210975;да;2;2;1;4
11497443;210974;да;2;4;1;3
11497438;210973;да;4;4;1;3
11497400;210972;да;2;2;1;3
00188762;210971;да;8;0;1;3
00188326;210966;да;5;5;1;4
00188297;210964;да;2;4;1;3
00188296;210963;да;3;3;1;3
00188246;210961;да;2;2;1;3
00188245;210960;да;2;2;1;3
00188227;210959;да;1;7;1;4
00188166;210956;да;1;1;1;3
00188162;210955;да;0;2;1;3
00188156;210954;да;1;1;1;3
00188136;210952;да;3;3;1;4
00188109;210951;да;2;3;1;4
11451998;210941;да;0;1;1;3
00180815;210937;да;0;2;1;6
00180812;210936;да;0;3;1;6
11331812;210934;да;12;22;1;5
11187687;210932;да;6;6;1;4
00159514;210928;да;2;1;1;5
11067788;210924;да;0;1;1;5
00102633;210915;да;0;2;1;5
00095092;210914;да;1;2;1;6
00023243;210913;да;5;15;1;5
00068832;210911;да;0;1;1;7
00058382;210908;да;2;23;1;4
00046076;210906;да;0;1;1;6
00042740;210904;да;0;1;1;5
00038673;210903;да;1;1;1;6
00034600;210902;да;0;1;1;4
00030150;210901;да;0;4;1;5
31367;210900;да;0;24;1;6
25946;210898;да;48;187;1;6
00012801;210896;да;2;4;1;6
00199245;210894;да;0;1;1;1
11608020;210892;нет;0;0;1;0
11607978;210891;да;0;1;1;7
11607962;210890;да;0;1;1;8
11607961;210889;да;0;1;1;9
11607959;210888;нет;0;0;1;0
11607958;210887;да;0;1;1;9
11607956;210886;да;0;1;1;9
11607955;210885;да;0;1;1;9
11607954;210884;да;0;1;1;8
11607953;210883;да;0;1;1;9
11607726;210879;да;4;12;1;5
11607682;210878;да;0;1;1;9
11607677;210877;да;0;1;1;9
11607664;210876;да;1;2;1;6
11607642;210874;да;1;1;1;10
11597966;210872;да;7;3;1;5
11597957;210871;да;1;0;1;5
11597939;210870;да;2;2;1;5
11597934;210869;да;4;3;1;5
11597915;210868;да;4;6;1;5
11597910;210867;нет;0;0;1;0
11597899;210866;да;2;2;1;5
11595784;210861;да;5;5;1;6
11595773;210860;да;1;0;1;6
11595762;210859;да;0;1;1;6
11595761;210858;да;0;1;1;6
11595739;210857;да;1;0;1;6
11595737;210856;да;1;2;1;6
11595711;210855;да;1;1;1;6
11595697;210854;да;1;1;1;6
11595695;210853;да;1;1;1;6
11595674;210852;нет;0;0;1;0
11595614;210851;да;1;0;1;6
11595576;210850;да;3;0;1;6
11595568;210849;да;5;1;1;6
11595558;210848;да;1;1;1;6
11595557;210847;да;3;7;1;6
11595372;210845;да;1;2;1;6
11595371;210844;да;0;1;1;6
11595370;210843;да;2;5;1;6
11595353;210842;да;2;2;1;6
11595336;210840;да;4;1;1;6
11595216;210839;да;5;0;1;6
11595122;210838;нет;0;0;1;0
11595121;210837;да;3;0;1;6
00192849;210835;да;2;0;1;5
00192841;210834;да;3;5;1;5
00192828;210833;да;4;4;1;5
00192794;210832;нет;0;0;1;0
00192772;210831;да;4;11;1;5
11560716;210830;да;0;1;1;3
11560093;210829;да;0;2;1;2
00192317;210827;да;1;0;1;5
00190987;210822;да;2;1;1;4
11497539;210818;да;4;6;1;3
11497498;210817;да;2;2;1;3
11497495;210816;да;0;3;1;3
11497494;210815;да;0;3;1;3
11497486;210814;да;2;3;1;3
11497481;210813;да;2;4;1;3
11497477;210812;да;1;3;1;3
11497474;210811;да;2;3;1;3
11497466;210810;да;2;4;1;3
11497465;210809;да;3;3;1;3
11497457;210808;да;2;4;1;3
11497454;210807;да;2;6;1;3
11497453;210806;да;4;14;1;3
11497451;210805;да;2;4;1;3
11497439;210804;да;10;10;1;3
00188765;210803;да;2;2;1;3
00188764;210802;да;2;2;1;3
00188757;210801;да;2;3;1;3
00188322;210795;да;2;4;1;3
00188235;210793;да;2;3;1;3
00188133;210790;нет;0;0;1;0
11452272;210785;да;2;4;1;3
11452247;210781;да;1;4;1;3
11452189;210778;да;3;3;1;3
11452070;210775;да;2;4;1;3
11452026;210774;да;0;1;1;3
11452003;210773;да;1;0;1;3
11452001;210772;да;0;1;1;3
11451987;210771;да;4;2;1;3
11451970;210770;да;3;1;1;3
11451958;210769;да;2;0;1;3
11451946;210768;да;1;1;1;3
11450196;210767;да;1;1;1;3
11450193;210766;да;1;0;1;3
11450192;210765;да;1;1;1;3
00179863;210761;да;3;1;1;6
00179835;210760;да;2;2;1;6
11388693;210757;да;4;7;1;5
11273930;210754;нет;0;0;1;0
00159241;210748;да;2;2;1;6
00159211;210747;да;1;0;1;6
00157149;210743;да;3;4;1;7
00157096;210742;да;2;3;1;7
00156907;210741;да;4;5;1;7
00156816;210740;да;2;1;1;7
00156810;210739;да;2;4;1;6
00156806;210738;да;15;18;1;7
00156804;210737;да;4;5;1;6
00156799;210736;да;0;2;1;7
00156788;210735;да;27;0;1;6
00156787;210734;да;29;4;1;6
00156744;210731;нет;0;0;1;0
00156716;210730;да;7;4;1;7
00156715;210729;да;2;5;1;7
00156714;210728;да;1;5;1;7
00156712;210727;да;5;3;1;7
00156711;210726;да;9;4;1;7
00156710;210725;да;0;2;1;7
00156708;210724;да;13;2;1;7
00156707;210723;да;1;1;1;7
00156706;210722;да;9;2;1;7
00156704;210721;да;7;4;1;7
11107860;210720;да;0;1;1;6
00146070;210714;да;1;0;1;6
00146069;210713;да;8;4;1;6
00146068;210712;да;5;2;1;6
00146050;210710;да;5;1;1;6
11031572;210706;да;1;1;1;5
00079157;210705;нет;0;0;1;0
00025868;210704;да;0;2;1;5
00035056;210701;да;1;2;1;6
00034843;210700;да;0;1;1;5
00033475;210699;да;0;1;1;8
00031637;210696;да;0;10;1;5
00030784;210695;да;2;10;1;6
30234;210693;да;3;5;1;7
25163;210691;да;1;0;1;5
00008266;210689;да;4;16;1;5
00004750;210687;да;2;3;1;6
00004749;210686;да;2;3;1;7
00003324;210685;да;2;1;1;6
00000329;210684;да;19;9;1;6
00000328;210683;да;16;13;1;7
11665875;210682;да;0;1;1;3
11665863;210681;да;3;7;1;3
11665854;210680;да;1;1;1;3
11665824;210679;да;2;3;1;3
11665818;210678;да;5;2;1;4
11665804;210677;да;1;1;1;5
00201361;210676;да;0;1;1;2
00201355;210672;да;0;20;1;2
11626048;210669;да;2;6;1;2
00197734;210668;нет;0;0;1;0
11608381;210664;да;1;0;1;6
11608353;210663;нет;0;0;1;0
11607976;210661;да;0;1;1;5
11607974;210660;да;0;1;1;5
11607590;210653;да;0;1;1;4
11597955;210651;да;2;3;1;4
11597947;210650;да;4;5;1;4
11597942;210649;да;2;1;1;4
11597929;210648;да;2;3;1;4
11597916;210647;да;2;0;1;4
11597868;210646;да;1;2;1;4
11597854;210645;да;7;6;1;5
11595971;210644;да;1;10;1;5
11595895;210643;да;2;3;1;5
11595844;210641;да;6;8;1;6
11595840;210640;нет;0;0;1;0
11595812;210639;нет;0;0;1;0
11595808;210638;да;8;4;1;5
11595790;210637;да;0;1;1;5
11595780;210636;да;1;1;1;6
11595747;210635;да;1;0;1;5
11595741;210634;да;2;3;1;5
11595688;210631;да;0;1;1;5
11595641;210629;да;6;6;1;5
11595626;210628;да;2;1;1;5
11595625;210627;да;2;4;1;5
11595597;210626;нет;0;0;1;0
11595590;210625;да;2;0;1;5
11595582;210624;да;2;3;1;5
11595581;210623;да;4;0;1;5
11595580;210622;да;4;5;1;5
11595552;210621;да;1;5;1;5
11595549;210620;да;1;1;1;5
11595536;210619;да;1;2;1;5
11595519;210614;да;5;6;1;5
11595518;210613;да;0;2;1;5
11595512;210612;да;10;5;1;5
11595463;210609;да;0;1;1;6
11595338;210607;да;3;6;1;6
11595299;210606;да;2;3;1;5
11595295;210605;да;1;2;1;5
11595294;210604;да;1;2;1;5
11595292;210603;да;4;0;1;5
11595287;210602;нет;0;0;1;0
11595286;210601;да;0;1;1;5
11595279;210600;да;3;1;1;5
11595252;210599;да;0;1;1;6
11595248;210598;да;0;1;1;5
11595247;210597;да;11;6;1;5
11595211;210596;да;6;3;1;4
11595193;210595;нет;0;0;1;0
11595191;210594;да;8;4;1;5
11595189;210593;да;4;3;1;5
11595170;210592;да;0;1;1;5
11595169;210591;да;1;2;1;5
11595167;210590;нет;0;0;1;0
11595165;210589;да;6;9;1;5
11595164;210588;нет;0;0;1;0
11595157;210587;нет;0;0;1;0
11595150;210585;да;0;1;1;5
11595089;210583;да;3;3;1;5
11595088;210582;нет;0;0;1;0
11595087;210581;да;2;1;1;5
11595086;210580;да;2;1;1;5
00192858;210577;да;10;5;1;4
00192835;210576;да;1;2;1;4
00192824;210575;да;9;30;1;5
00192813;210574;нет;0;0;1;0
00192799;210573;да;5;4;1;4
00192797;210572;да;3;4;1;4
00192795;210571;да;2;0;1;4
00192763;210570;да;1;4;1;4
00192761;210569;нет;0;0;1;0
00192746;210568;да;2;4;1;4
00192743;210567;нет;0;0;1;0
00192726;210566;нет;0;0;1;0
11560770;210564;да;2;9;1;2
11560538;210563;да;0;2;1;2
00192318;210562;да;2;2;1;4
00192278;210561;да;0;9;1;2
00192277;210560;да;0;14;1;2
11497651;210557;да;3;5;1;2
11497646;210556;да;3;10;1;3
11497596;210555;да;1;4;1;2
11497595;210554;да;2;2;1;2
11497581;210553;да;1;2;1;2
11497562;210552;да;1;0;1;3
11497561;210551;да;2;4;1;3
11497546;210550;да;4;1;1;2
11497541;210549;да;3;6;1;2
11497536;210548;да;2;5;1;2
11497535;210547;да;4;1;1;2
11497529;210546;да;2;2;1;2
11497527;210545;да;3;6;1;2
11497522;210544;да;4;3;1;2
11497521;210543;да;2;0;1;2
11497516;210542;да;3;6;1;2
11497511;210541;да;0;3;1;2
11497504;210540;да;0;5;1;2
11497499;210539;да;1;5;1;2
11497491;210538;да;0;1;1;2
11497480;210537;да;0;2;1;2
11497479;210536;да;0;2;1;2
11497478;210535;да;0;2;1;2
11497473;210534;да;2;3;1;2
11497472;210533;да;3;0;1;2
11497467;210532;да;2;4;1;2
11497461;210531;да;3;6;1;2
11497460;210530;да;4;5;1;2
11497459;210529;да;4;4;1;2
11497448;210528;да;2;3;1;2
11497447;210527;да;2;3;1;2
11497446;210526;да;1;8;1;2
11497444;210525;да;2;3;1;2
11497435;210524;да;0;2;1;2
11497434;210523;да;0;4;1;2
11497409;210522;да;3;3;1;2
11497398;210521;да;4;4;1;2
00188777;210520;да;2;4;1;2
00188770;210519;да;7;6;1;2
00188334;210518;да;1;1;1;3
00188280;210516;да;2;0;1;2
00188135;210514;да;1;1;1;3
00188080;210513;да;2;2;1;3
00188079;210512;да;6;14;1;2
00188076;210511;да;2;2;1;2
00188024;210510;да;2;3;1;2
00188022;210509;да;2;2;1;2
11461793;210507;да;1;1;1;3
11452260;210503;да;0;2;1;2
11452225;210502;да;2;0;1;3
11452222;210500;да;1;2;1;2
11452217;210498;да;2;1;1;2
11452210;210497;да;3;1;1;2
11452163;210496;да;0;7;1;3
11452099;210491;да;0;5;1;3
11452050;210490;да;2;0;1;3
11452047;210488;да;3;0;1;2
11452032;210487;да;0;3;1;2
11452020;210486;да;2;0;1;2
11452019;210485;да;0;1;1;2
11452007;210484;да;3;1;1;2
11452000;210483;да;1;1;1;2
11451997;210482;нет;0;0;1;0
11451993;210481;да;1;0;1;2
11451992;210480;нет;0;0;1;0
11451991;210479;да;0;1;1;2
11451985;210478;да;7;0;1;2
11451984;210477;да;7;0;1;2
11451980;210476;да;2;2;1;2
11451972;210475;да;7;0;1;3
11451971;210474;да;3;3;1;2
11451969;210473;да;1;0;1;3
11451968;210472;да;3;2;1;2
11451955;210471;да;3;2;1;2
11451945;210470;да;2;1;1;2
11451944;210469;да;1;1;1;3
11451940;210468;да;0;1;1;3
11451937;210467;да;11;0;1;2
11450183;210466;да;5;3;1;2
11450166;210465;да;2;1;1;3
11450157;210464;да;1;1;1;3
11450154;210463;да;14;4;1;2
11450153;210462;да;13;2;1;2
11450152;210461;да;0;2;1;2
11450151;210460;да;14;4;1;2
11450105;210459;да;12;2;1;2
11450088;210457;да;3;1;1;2
11450064;210456;да;0;2;1;3
11450063;210455;да;0;4;1;3
11450060;210454;да;3;2;1;2
11450029;210453;да;0;1;1;2
11408152;210452;да;0;1;1;4
00177763;210450;нет;0;0;1;0
00176388;210449;да;0;2;1;5
11357146;210448;нет;0;0;1;0
11348991;210446;да;1;1;1;4
00171049;210445;да;0;1;1;3
11311608;210443;да;2;7;1;4
11304793;210442;да;4;15;1;5
00159709;210440;да;4;0;1;4
00159685;210439;да;1;4;1;4
00159532;210438;да;3;3;1;4
00159330;210436;да;0;1;1;4
00159292;210434;да;1;0;1;4
00159279;210433;да;2;0;1;5
00159277;210432;да;4;1;1;5
00159275;210431;да;1;1;1;5
00159271;210429;нет;0;0;1;0
00159268;210428;да;1;2;1;5
00159265;210427;да;4;6;1;5
00159264;210426;да;4;4;1;5
00159192;210425;нет;0;0;1;0
00159189;210424;да;2;3;1;6
00159160;210420;да;10;10;1;5
00159159;210419;да;8;5;1;6
00159156;210418;да;2;0;1;5
00159154;210417;да;5;4;1;5
00159152;210416;да;18;10;1;5
00159151;210415;да;2;2;1;5
00159147;210414;да;2;2;1;5
00159146;210413;да;5;3;1;5
00159143;210411;да;10;10;1;5
00159137;210410;да;8;3;1;5
00159136;210409;да;1;1;1;5
00157157;210406;да;8;7;1;6
00157155;210405;да;2;1;1;6
00157154;210404;да;6;3;1;6
00157082;210403;да;9;5;1;6
00157080;210402;нет;0;0;1;0
00157078;210401;да;0;3;1;6
00157077;210400;да;2;2;1;6
00157075;210399;да;11;0;1;6
00157073;210398;нет;0;0;1;0
00157071;210397;да;1;2;1;6
00157069;210396;да;4;3;1;6
00157068;210395;да;3;11;1;6
00157067;210394;да;3;1;1;6
00157066;210393;да;2;1;1;6
00157065;210392;да;4;5;1;6
00157064;210391;да;6;0;1;6
00157063;210390;да;3;1;1;6
00157048;210389;да;2;3;1;6
00156901;210388;да;20;7;1;6
00156900;210387;да;6;11;1;6
00156899;210386;да;5;0;1;6
00156898;210385;да;6;5;1;6
00156897;210384;да;3;2;1;6
00156702;210382;да;2;8;1;6
00156701;210381;да;4;6;1;6
00156699;210380;да;17;15;1;6
00156690;210379;да;3;3;1;6
00156605;210377;да;2;0;1;6
00156604;210376;да;10;2;1;10
00156603;210375;да;4;12;1;6
00156602;210374;да;1;1;1;6
00156598;210372;да;8;6;1;6
00156597;210371;да;7;4;1;6
00147574;210368;да;5;0;1;6
00147573;210367;да;12;7;1;6
00146187;210366;да;5;7;1;5
00146186;210365;да;6;11;1;5
00146185;210364;да;8;9;1;5
00146032;210356;да;4;6;1;5
00146031;210355;да;27;24;1;5
00146030;210354;да;4;5;1;5
11050638;210353;нет;0;0;1;0
00123531;210351;да;2;5;1;4
00086921;210350;нет;0;0;1;0
00122650;210348;нет;0;0;1;0
00118803;210347;да;0;2;1;6
00115375;210346;да;14;4;1;5
00112374;210344;да;2;4;1;4
00079160;210339;да;1;1;1;4
00068688;210338;да;0;3;1;4
00066382;210330;да;0;9;1;4
00050008;210327;да;0;5;1;5
00047998;210325;да;17;53;1;5
00032155;210323;да;1;1;1;4
40195;210322;да;0;2;1;5
28490;210319;да;10;27;1;4
26648;210316;да;2;3;1;4
00016276;210315;да;1;2;1;4
00010132;210312;да;3;4;1;4
00009030;210311;да;3;0;1;4
00008552;210309;да;1;1;1;4
00008500;210308;да;6;12;1;4
11665814;210306;нет;0;0;0;0
11595893;210304;нет;0;0;1;0
11595719;210303;да;0;1;1;6
11595653;210301;нет;0;0;1;0
11595602;210298;да;0;3;1;6
11595570;210296;да;1;3;1;6
11595561;210295;да;1;0;1;6
11595560;210294;да;4;4;1;6
11595496;210293;нет;0;0;1;0
11595495;210292;да;0;1;1;6
11595494;210291;да;4;0;1;6
11595398;210286;да;1;3;1;6
11595395;210285;да;0;2;1;7
11595379;210284;нет;0;0;1;0
11595090;210283;да;7;10;1;6
11559158;210280;да;0;2;1;2
00192320;210278;да;1;2;1;5
11497643;210277;да;0;1;1;2
11497625;210276;да;2;2;1;3
11497407;210275;да;2;1;1;2
11497402;210274;да;2;2;1;3
11497399;210273;да;2;2;1;3
11497396;210272;да;5;19;1;2
00188072;210271;да;3;0;1;3
00188009;210270;да;0;1;1;4
11452228;210265;да;2;1;1;3
11452168;210263;да;4;2;1;3
11452166;210261;да;3;0;1;3
11452053;210256;да;2;1;1;3
11452023;210254;да;1;1;1;3
11452017;210253;да;2;1;1;3
11452016;210252;да;1;1;1;3
11451999;210251;да;3;2;1;3
11451995;210250;да;1;1;1;3
11451994;210249;да;2;1;1;3
11451956;210248;да;0;1;1;3
11451941;210247;да;1;2;1;3
11451924;210246;да;0;1;1;3
11450187;210245;да;2;1;1;3
11450186;210244;да;0;3;1;3
11450185;210243;да;2;2;1;3
11450184;210242;да;3;2;1;3
11450161;210241;да;1;1;1;3
11450160;210240;да;1;2;1;3
11450075;210239;да;7;3;1;3
11394848;210236;да;0;1;1;6
00164153;210232;да;7;4;1;6
00159334;210231;да;0;2;1;6
11122535;210228;да;0;1;1;6
00157187;210227;да;5;4;1;7
00157186;210226;да;7;9;1;7
00157185;210225;да;11;5;1;6
00157177;210224;да;4;2;1;7
00157175;210223;да;2;0;1;7
00157172;210222;да;14;6;1;7
00157171;210221;да;7;0;1;7
00157170;210220;да;4;3;1;7
00157167;210219;да;7;3;1;7
00157165;210217;да;5;3;1;7
00157151;210216;нет;0;0;1;0
00157148;210215;нет;0;0;1;0
00157133;210214;да;5;6;1;9
00157132;210213;да;2;2;1;7
00156876;210212;да;2;7;1;8
11067782;210203;да;0;1;1;7
11040998;210197;да;0;10;1;5
11006315;210194;да;1;4;1;5
00100828;210192;да;3;15;1;5
00095721;210191;да;4;7;1;5
00066875;210190;да;2;5;1;4
00053353;210188;да;3;5;1;5
00047807;210187;да;1;4;1;5
00047202;210186;да;0;2;1;5
00039618;210185;да;0;1;1;5
40121;210183;да;2;0;1;5
40120;210182;нет;0;0;1;0
28763;210181;да;6;11;1;5
00013513;210180;да;20;31;1;5
00012368;210179;да;2;4;1;5
00012367;210178;да;2;3;1;5
00012365;210177;да;0;2;1;5
00012358;210176;да;2;21;1;5
00012357;210175;да;6;44;1;7
00011733;210174;да;8;22;1;5
00010126;210172;да;0;3;1;6
00008784;210171;да;1;2;1;5
00002925;210163;да;3;5;1;4
00202805;210162;да;0;1;1;3
11394847;210122;да;0;1;1;5
11292816;210120;да;1;1;1;6
00149532;210108;да;1;0;1;5
11085493;210107;да;1;0;1;6
11026972;210095;да;0;1;1;4
00117526;210094;нет;0;0;1;0
00107873;210091;да;0;1;1;5
00042895;210090;да;1;4;1;6
00016322;210088;да;1;1;1;7
00011968;210086;да;0;2;1;7
00010987;210085;да;0;1;1;7
00202259;210083;да;0;5;1;2
00197939;210081;да;2;1;1;3
11597940;210066;да;1;1;1;5
11597936;210065;да;2;1;1;4
11597911;210063;да;1;2;1;6
11597825;210055;да;2;6;1;4
11597824;210054;да;2;4;1;4
11597823;210053;да;4;0;1;4
11597822;210052;да;3;5;1;4
11597821;210051;да;4;3;1;4
11597820;210050;да;5;16;1;4
11596034;210049;да;1;1;1;6
11596032;210048;да;0;1;1;6
11595998;210045;да;1;1;1;6
11595995;210043;да;1;1;1;6
11595758;210042;да;0;1;1;6
11595731;210040;да;1;1;1;6
11595621;210037;да;0;1;1;6
11595593;210036;да;2;8;1;6
11595555;210033;да;1;0;1;6
11595503;210032;да;5;17;1;6
11595435;210029;да;2;0;1;6
11595343;210028;да;0;1;1;10
11595330;210027;да;2;6;1;10
11595328;210025;да;1;2;1;6
11595327;210024;да;4;4;1;6
11595320;210022;да;1;0;1;6
11595316;210020;да;1;0;1;10
11595315;210019;да;2;1;1;10
11595302;210017;да;0;1;1;6
11595301;210016;да;0;1;1;6
11595098;210014;да;4;5;1;6
11595085;210013;да;1;1;1;6
11595061;210012;да;2;3;1;10
11595058;210011;да;0;1;1;10
11595055;210010;да;3;5;1;10
11595054;210009;да;1;1;1;10
11590127;210008;да;3;7;1;4
00192816;210005;да;0;1;1;5
11562714;210004;да;0;2;1;2
11559826;210003;да;0;2;1;2
11559825;210002;да;0;2;1;2
11559824;210001;нет;0;0;1;0
00192308;209999;да;6;0;1;5
11497614;209996;да;5;5;1;3
11497490;209995;да;1;0;1;2
11497484;209994;да;2;4;1;3
11497483;209993;да;0;168;1;3
11497475;209992;да;0;204;1;3
11497469;209991;да;0;280;1;3
11497468;209990;да;50;106;1;2
11497462;209989;да;6;14;1;3
11497456;209988;да;2;2;1;2
11497455;209987;да;2;2;1;2
11497452;209986;да;2;3;1;3
11497437;209985;да;2;0;1;2
11497431;209984;да;0;100;1;3
00188894;209983;да;2;3;1;3
00188761;209982;да;6;13;1;3
00188374;209981;да;2;6;1;3
00188373;209980;да;2;6;1;3
00188371;209978;да;2;2;1;3
00188313;209974;да;5;5;1;3
00188312;209973;да;5;5;1;3
00188242;209971;да;5;5;1;3
00188241;209970;да;5;5;1;3
00188240;209969;да;3;5;1;3
00188175;209966;да;3;5;1;3
00188174;209965;да;3;5;1;3
00188173;209964;да;3;5;1;3
00188172;209963;да;1;3;1;3
00188100;209961;да;5;5;1;3
00188099;209960;да;5;3;1;3
00188098;209959;да;4;5;1;3
00188097;209958;да;2;4;1;3
00188035;209956;да;2;4;1;3
00188034;209955;да;5;5;1;3
00188032;209954;да;1;4;1;3
11452202;209951;да;6;3;1;3
11452138;209949;да;7;3;1;3
11452136;209947;да;7;11;1;3
11452082;209945;да;6;4;1;3
11452080;209943;да;3;5;1;3
11452004;209941;да;1;1;1;3
11451973;209940;да;6;2;1;3
11451947;209939;да;3;0;1;3
11451932;209938;да;2;1;1;3
11451931;209937;да;3;0;1;3
11451926;209936;да;1;1;1;4
11450170;209935;да;3;0;1;3
11450147;209934;да;1;1;1;4
11450146;209933;да;3;1;1;3
11450129;209932;да;2;4;1;2
11450053;209929;да;7;3;1;3
11450051;209927;да;3;5;1;3
00169690;209925;да;0;1;1;6
00164350;209924;да;6;22;1;7
00164163;209921;да;13;11;1;10
00164162;209920;да;1;3;1;10
00164158;209919;да;7;4;1;7
11202153;209918;нет;0;0;1;0
11202078;209917;да;0;2;1;9
11202070;209916;да;0;1;1;9
00157124;209910;нет;0;0;1;0
00157122;209908;да;1;1;1;7
00157119;209906;да;12;9;1;7
00157118;209905;да;8;10;1;7
00157113;209904;да;5;0;1;7
00157107;209902;да;2;2;1;7
00157106;209901;нет;0;0;1;0
00157104;209900;нет;0;0;1;0
00157101;209899;да;2;4;1;7
00157100;209898;нет;0;0;1;0
00156664;209895;да;1;0;1;7
00156663;209894;да;10;5;1;7
00156662;209893;да;6;12;1;7
00156478;209892;да;3;2;1;12
00156471;209891;да;2;2;1;12
00156469;209890;нет;0;0;1;0
00156456;209888;да;2;3;1;8
00156454;209887;да;2;4;1;7
00156453;209886;да;2;1;1;8
11102212;209884;да;0;9;1;4
00147577;209880;да;10;4;1;6
00147576;209879;да;4;2;1;6
00147572;209878;да;1;1;1;7
00147571;209877;да;3;6;1;7
00147570;209876;да;4;1;1;7
00147569;209875;да;7;0;1;8
00146248;209873;да;2;3;1;7
00146236;209871;да;6;5;1;7
00146235;209870;да;0;2;1;7
00146234;209869;да;10;10;1;7
00146227;209866;да;5;3;1;8
00146190;209859;да;0;1;1;8
00146189;209858;да;2;4;1;6
00146038;209857;да;0;2;1;7
00146019;209854;да;0;2;1;12
00146014;209853;да;1;0;1;12
00146009;209852;да;1;1;1;12
00146007;209851;да;0;2;1;12
00145999;209850;нет;0;0;1;0
00145993;209848;да;5;3;1;11
00145992;209847;да;0;2;1;11
00145991;209846;да;2;8;1;11
00145990;209845;нет;0;0;1;0
00145989;209844;да;2;0;1;11
00145987;209843;да;3;4;1;11
00145982;209842;да;6;7;1;8
00145981;209841;да;58;52;1;8
00145980;209840;да;3;0;1;8
00145968;209839;да;6;12;1;7
00115368;209828;да;0;9;1;13
00115366;209827;да;5;3;1;13
00080049;209819;да;1;1;1;5
00073385;209812;да;0;3;1;7
00056316;209809;нет;0;0;1;0
00036265;209805;да;0;65;1;7
27637;209798;да;0;1;0;4
27335;209797;да;5;15;1;5
25891;209795;да;0;5;1;5
00016591;209791;да;2;4;1;6
00014508;209789;да;3;0;1;5
00013883;209788;да;0;7;1;4
00011116;209784;да;0;3;1;5
00010394;209782;да;2;4;1;5
00007992;209777;да;3;1;1;5
00007989;209776;да;2;3;1;5
00007988;209775;нет;0;0;1;0
00007928;209774;да;0;9;1;8
00007927;209773;да;0;4;1;8
00007641;209771;да;5;0;1;5
00006491;209765;да;8;1;1;8
00005496;209763;да;4;1;1;6
00004450;209757;да;19;2;1;8
00004310;209756;да;0;2;1;7
00003173;209754;да;9;4;1;6
00003171;209753;да;4;6;1;8
00003169;209752;да;1;2;1;6
00003166;209751;да;0;2;1;6
00002878;209748;да;1;0;1;9
00002687;209745;да;3;8;1;8
00002681;209744;да;1;3;1;9
00201823;209741;да;5;5;1;16
00199790;209740;да;69;112;1;7
11252192;209735;да;7;10;1;20
11252191;209734;да;8;9;1;21
00196802;209731;да;3;3;1;4
00200412;209726;да;12;0;1;8
00198074;209724;да;20;44;1;5
00184245;209722;да;20;15;1;7
00183959;209721;да;10;10;1;9
00183958;209720;да;8;15;1;8
00182595;209718;нет;0;0;1;0
00063242;209717;да;20;248;1;9
00062648;209716;да;113;191;1;9
00062613;209715;да;112;201;1;9
00062592;209714;да;197;175;1;9
00055895;209713;да;0;188;1;13
00197348;209705;да;15;17;1;12
00187681;209703;да;0;2;1;6
00176308;209702;да;2;0;1;6
00176307;209701;да;4;1;1;6
00176303;209700;да;3;1;1;6
00176301;209699;да;8;0;1;6
00018118;209696;да;0;7;1;11
00151371;209695;да;5;5;1;5
00151370;209694;да;10;5;1;5
00151369;209693;нет;0;0;1;0
00199797;209692;да;18;0;1;7
00199795;209691;да;0;27;1;7
00199794;209690;да;4;1;1;7
00199793;209689;да;43;57;1;7
00199792;209688;да;26;46;1;7
00182836;209686;да;179;0;1;12
00182835;209685;да;225;10;1;12
00182832;209684;да;241;0;1;13
00181418;209683;нет;0;0;1;0
00120376;209681;да;10;0;1;9
00013340;209679;нет;0;0;1;0
00200824;209678;нет;0;0;1;0
00200819;209677;да;1;0;1;6
00202655;209663;да;4;4;1;17
00193781;209662;да;1;0;1;9
00191985;209661;да;2;0;1;10
00182311;209659;да;1;0;1;10
11589495;209657;да;2;2;1;29
00193380;209654;да;1;0;1;11
00183098;209649;да;8;0;1;12
00183075;209643;да;2;2;1;12
00183134;209640;нет;0;0;1;0
00183133;209639;да;13;16;1;12
00183132;209638;да;1;3;1;12
00183129;209636;да;0;1;1;13
00183112;209635;да;52;30;1;12
00183111;209634;нет;0;0;1;0
00183110;209633;да;25;20;1;12
00183109;209632;нет;0;0;1;0
00183108;209631;да;8;0;1;12
00201310;209621;нет;0;0;1;0
00200131;209586;да;13;5;1;17
00200096;209585;да;30;6;1;17
00199678;209582;да;1;0;1;19
00199677;209581;да;1;0;1;19
00198939;209576;да;6;0;1;17
00198930;209575;да;5;3;1;16
00198927;209574;нет;0;0;1;0
00196130;209572;да;2;2;1;23
00196129;209571;да;2;0;1;22
00196127;209570;да;2;2;1;23
00196125;209569;да;1;0;1;23
00193194;209564;да;2;0;1;26
00193186;209562;да;2;0;1;24
00193184;209561;да;2;0;1;27
00193183;209560;да;2;0;1;26
00184412;209558;да;2;0;1;26
00184411;209557;нет;0;0;1;0
00184406;209555;да;2;0;1;25
00177138;209536;да;0;12;1;18
00182212;209533;да;0;1;1;6
00202047;209521;да;16;0;1;20
00202046;209520;да;14;19;1;19
00200158;209513;да;8;0;1;16
00200155;209511;да;17;10;1;15
00197335;209490;да;9;11;1;17
00197334;209489;да;0;18;1;16
00182559;209478;да;0;6;1;22
00182558;209477;да;15;16;1;18
00182557;209476;да;90;3;1;21
00182424;209475;да;25;19;1;24
00178246;209474;да;86;60;1;23
00178245;209473;да;15;15;1;18
00178244;209472;да;1;10;1;19
00120427;209469;да;15;11;1;13
11589492;209466;да;1;0;1;28
11589491;209465;нет;0;0;1;0
00192129;209461;нет;0;0;1;0
00172463;209452;да;0;2;1;52
00202106;209448;да;106;81;1;22
00202105;209447;да;110;125;1;21
11589484;209444;да;1;0;1;31
11589483;209443;нет;0;0;1;0
00172483;209426;да;41;26;1;24
00168351;209419;да;16;4;1;20
11589498;209418;да;2;1;1;33
00182001;209417;да;1;0;1;31
00178983;209415;нет;0;0;1;0
00172713;209413;да;1;1;1;40
00202102;209407;да;57;48;1;29
00201187;209404;да;17;26;1;36
11541933;209389;да;3;1;1;34
00180602;209385;да;7;5;1;49
00177574;209383;да;3;4;1;38
00172460;209382;да;5;4;1;33
00202126;209378;да;0;19;1;7
00202125;209377;да;0;20;1;8
00202123;209376;да;0;9;1;7
00202122;209375;да;0;10;1;8
00180903;209374;нет;0;0;1;0
00180901;209373;нет;0;0;1;0
00180900;209372;нет;0;0;1;0
00178266;209368;нет;0;0;1;0
00176686;209367;нет;0;0;1;0
00198403;209364;да;9;9;1;12
00198402;209363;да;0;3;1;13
00198401;209362;да;5;0;1;12
00198400;209361;да;20;10;1;12
00198395;209357;да;22;22;1;12
00198385;209347;да;14;0;1;12
00197900;209332;да;15;11;1;7
00197890;209331;да;0;16;1;7
00179464;209330;нет;0;0;1;0
00100991;209328;да;20;2;1;14
00173219;209327;да;1;1;1;22
00165343;209325;нет;0;0;1;0
00193440;209321;да;2;0;1;17
00193439;209320;да;6;0;1;17
00193438;209319;да;1;1;1;17
00193437;209318;да;2;0;1;18
11515470;209317;да;0;2;1;17
00186955;209316;да;2;1;1;19
00181922;209315;да;2;1;1;21
00181920;209314;да;2;1;1;21
00181708;209313;да;2;5;1;21
00181707;209312;да;15;5;1;21
00177982;209311;да;1;0;1;21
00175665;209310;да;3;0;1;20
00195649;209309;да;1;1;1;21
00185301;209308;да;1;2;1;25
00181923;209307;нет;0;0;1;0
00180138;209306;да;1;0;1;21
00180137;209305;да;1;0;1;21
00176604;209304;да;0;1;1;24
00176603;209303;да;1;1;1;24
00176602;209302;да;3;3;1;24
00175674;209301;да;4;3;1;22
00175673;209300;да;3;0;1;22
00175669;209299;да;5;3;1;23
00175667;209298;да;7;1;1;22
00175666;209297;да;1;1;1;23
00113947;209296;да;1;2;1;37
00113946;209295;да;1;0;1;37
00075786;209294;нет;0;0;1;0
25302;209293;да;1;0;1;37
00184655;209288;да;14;16;1;10
00175689;209287;да;15;6;1;10
00188684;209281;да;12;12;1;9
00176608;209275;да;1;1;1;10
00199502;209259;да;2;3;1;6
00199007;209258;да;2;1;1;6
00196879;209257;да;1;2;1;4
00192869;209255;да;0;2;1;4
00191714;209254;да;9;0;1;5
00187306;209252;да;1;1;1;5
00186579;209251;нет;0;0;1;0
00179321;209245;да;1;3;1;4
00179218;209244;да;0;1;1;5
00178769;209240;да;28;21;1;9
00174176;209239;да;3;4;1;9
00001405;209238;да;1;12;1;4
00165997;209235;да;5;12;1;10
00160162;209233;да;0;3;1;10
00160161;209232;нет;0;0;1;0
11591404;209231;да;0;1;1;16
11591403;209230;да;1;0;1;16
11591395;209229;да;0;1;1;14
00103641;209227;да;0;2;1;24
00202229;209226;да;0;1;0;5
00159864;209225;да;4;2;1;20
00066347;209224;да;0;9;1;25
00066346;209223;да;1;3;1;22
00066345;209222;да;2;1;1;27
00200273;209221;нет;0;0;1;0
00200272;209220;да;10;11;1;23
00200271;209219;да;15;7;1;23
11591362;209218;да;0;5;1;19
00192116;209217;нет;0;0;1;0
00191707;209216;да;5;4;1;22
00186576;209215;да;0;7;1;23
00182238;209214;да;2;5;1;21
00181333;209213;да;1;1;1;24
00181330;209212;да;1;2;1;22
00178766;209211;да;1;1;1;24
00160160;209210;да;2;2;1;24
00160159;209209;да;4;7;1;26
00159860;209208;да;3;2;1;22
00159859;209207;да;4;3;1;22
00159858;209206;да;2;6;1;23
00159855;209205;да;7;5;1;21
00103639;209204;да;5;5;1;29
00103638;209203;да;1;6;1;29
00142470;209202;нет;0;0;1;0
00199400;209200;нет;0;0;1;0
00187305;209199;да;1;7;1;6
00181423;209198;нет;0;0;1;0
00178183;209197;да;0;1;1;9
00178171;209196;да;0;1;1;9
00187446;209192;да;14;10;1;11
00179119;209190;да;7;17;1;12
00179114;209188;нет;0;0;1;0
00173347;209187;да;20;0;1;10
00202104;209186;да;29;28;1;6
00202103;209185;да;25;30;1;6
00177581;209184;да;122;162;1;8
00201804;209181;да;4;4;1;3
11541944;209172;да;7;9;1;4
00184099;209171;да;0;1;1;3
00203631;209168;да;10;10;1;14
00165076;209162;нет;0;0;1;0
00138900;209160;да;0;2;1;19
00138899;209159;нет;0;0;1;0
00104973;209157;нет;0;0;1;0
00104966;209156;нет;0;0;1;0
00146390;209155;нет;0;0;1;0
00138896;209152;да;1;5;1;20
00176266;209146;да;31;0;1;9
00201755;209145;нет;0;0;0;0
00201754;209144;нет;0;0;0;0
11539118;209143;да;2;2;1;6
00177361;209135;да;6;0;1;5
11538633;209133;да;2;1;1;8
11538629;209132;да;0;2;1;8
11538625;209131;да;0;2;1;8
00189547;209130;да;0;2;1;9
11656452;209127;нет;0;0;1;0
11656451;209126;нет;0;0;1;0
11656450;209125;нет;0;0;1;0
11656449;209124;нет;0;0;1;0
11656448;209123;нет;0;0;1;0
11656447;209122;нет;0;0;1;0
11656446;209121;нет;0;0;1;0
11656445;209120;нет;0;0;1;0
11656444;209119;нет;0;0;1;0
11656443;209118;нет;0;0;1;0
11656442;209117;нет;0;0;1;0
11656441;209116;нет;0;0;1;0
11656440;209115;нет;0;0;1;0
11538592;209114;да;6;0;1;20
11538584;209113;да;3;4;1;20
11538582;209112;да;1;0;1;20
00186099;209111;да;1;3;1;22
00186098;209110;да;5;8;1;23
00186097;209109;да;3;0;1;23
00185303;209108;да;3;2;1;25
00182173;209107;да;4;3;1;25
00181712;209106;нет;0;0;1;0
00175995;209105;нет;0;0;1;0
00175990;209104;да;4;0;1;21
00175989;209103;да;2;1;1;25
00202774;209102;да;0;4;1;4
00187849;209090;да;46;30;1;5
00178844;209088;да;0;2;1;4
00175653;209085;да;7;0;1;6
00175652;209084;да;4;3;1;6
00174255;209082;нет;0;0;1;0
00174244;209081;нет;0;0;1;0
00174238;209076;да;4;6;1;7
00174237;209075;да;2;1;1;7
00174218;209071;нет;0;0;1;0
00174214;209067;да;5;1;1;9
00202765;209056;нет;0;0;1;0
00175654;209053;да;0;1;1;11
00173016;209050;да;5;0;1;11
00199407;209047;да;0;2;1;7
00197925;209044;нет;0;0;1;0
00174253;209042;да;9;7;1;7
00174251;209041;да;5;2;1;7
00174248;209040;да;1;0;1;8
00174240;209036;да;0;1;1;7
00174233;209033;да;2;2;1;8
00174229;209031;да;1;0;1;8
00173021;209027;да;2;8;1;6
00199404;209026;нет;0;0;1;0
00199403;209025;нет;0;0;1;0
00199399;209024;нет;0;0;1;0
00194250;209023;да;0;1;1;13
00182037;209022;нет;0;0;1;0
00180206;209021;да;0;1;1;15
00174794;209020;да;1;1;1;13
00174195;209018;да;0;1;1;13
00174194;209017;да;5;1;1;13
00188848;209016;да;1;2;1;10
00188846;209015;нет;0;0;1;0
00182033;209014;да;1;0;1;12
00175651;209013;да;1;0;1;13
00175650;209012;да;1;0;1;12
00175649;209011;нет;0;0;1;0
00175122;209010;да;1;0;1;13
00174204;209009;да;1;0;1;13
00174203;209008;нет;0;0;1;0
11659437;209006;да;3;0;1;4
11659436;209005;да;10;6;1;4
11650281;209004;да;2;1;1;5
11650279;209003;да;0;5;1;5
11650277;209002;да;2;0;1;5
11650276;209001;нет;0;0;1;0
11650275;209000;да;2;0;1;5
11650273;208999;да;5;4;1;5
11650271;208998;нет;0;0;1;0
11650268;208997;нет;0;0;1;0
11650266;208996;нет;0;0;1;0
11650265;208995;да;4;0;1;5
11650258;208994;да;10;1;1;5
11650257;208993;нет;0;0;1;0
00199634;208992;да;20;25;1;5
00165603;208971;да;0;2;1;6
00160434;208966;нет;0;0;1;0
00009298;208965;нет;0;0;1;0
00198515;208964;да;0;20;1;6
00196330;208957;да;1;0;1;20
00196328;208955;да;3;2;1;24
11589275;208953;нет;0;0;1;0
11589274;208952;да;1;0;1;26
11665887;208944;да;1;3;1;3
11665878;208943;да;1;1;1;3
11665826;208942;да;5;3;1;3
11665821;208941;да;1;3;1;3
11665809;208940;да;5;15;1;3
11608114;208934;да;3;1;1;4
11607876;208928;да;0;1;1;4
11607864;208927;нет;0;0;1;0
11607854;208925;да;1;2;1;4
11607853;208924;да;1;1;1;4
11607738;208922;да;1;2;1;4
00073026;208910;да;0;49;1;5
11595383;208895;да;3;5;1;7
11301363;208892;да;0;1;1;6
11296833;208891;да;0;1;1;6
11296832;208890;да;1;3;1;6
11291682;208888;да;1;3;1;6
11291681;208887;да;0;1;1;6
00198487;208879;нет;0;0;1;0
00194869;208877;да;1;1;1;17
00194868;208876;да;1;1;1;17
00194866;208875;да;0;1;1;17
11208041;208867;нет;0;0;1;0
11208039;208866;нет;0;0;1;0
00164220;208865;да;7;5;1;7
00159836;208864;нет;0;0;1;0
00159835;208863;нет;0;0;1;0
00159834;208862;да;4;1;1;7
00159833;208861;да;10;2;1;6
00159831;208860;да;2;0;1;8
00159830;208859;нет;0;0;1;0
00159829;208858;да;0;3;1;10
00110763;208856;да;16;7;1;11
00017508;208855;нет;0;0;1;0
00007739;208852;нет;0;0;1;0
00007738;208851;нет;0;0;1;0
00200659;208850;нет;0;0;1;0
00199835;208846;да;38;47;1;10
00199834;208845;да;0;16;1;10
00199749;208841;нет;0;0;1;0
00198503;208837;да;0;1;1;13
00198500;208834;нет;0;0;1;0
00198499;208833;нет;0;0;1;0
00198498;208832;нет;0;0;1;0
00191846;208829;да;0;3;1;17
00174605;208823;да;16;8;1;19
00174598;208821;нет;0;0;1;0
00174570;208814;да;22;10;1;19
00174567;208813;да;10;6;1;18
00174559;208808;да;18;11;1;18
00201661;208753;да;0;8;1;10
00201658;208752;нет;0;0;1;0
00156905;208747;да;20;16;1;7
00000602;208745;да;0;131;1;13
00201446;208744;да;9;1;1;13
00201443;208743;да;26;11;1;13
00201440;208742;да;0;1;1;13
00201437;208741;да;58;40;1;13
00201434;208740;да;49;35;1;13
00201431;208739;да;30;13;1;13
00201428;208738;да;42;14;1;13
00201425;208737;да;62;34;1;13
00201422;208736;да;0;35;1;13
00201419;208735;да;87;45;1;13
00201416;208734;да;90;45;1;13
00201413;208733;да;222;45;1;12
00197865;208732;да;58;21;1;18
00197864;208731;нет;0;0;1;0
00197863;208730;да;9;11;1;16
00197862;208729;да;0;9;1;18
00197861;208728;да;15;23;1;19
00195786;208727;да;76;50;1;15
00195785;208726;да;1;48;1;15
00195784;208725;да;7;20;1;15
00193101;208723;нет;0;0;1;0
00192692;208722;да;34;38;1;14
00192691;208721;нет;0;0;1;0
11550328;208720;да;1;0;1;16
11550326;208719;да;6;5;1;15
00180526;208706;да;18;15;1;16
00180524;208705;нет;0;0;1;0
00180523;208704;да;5;0;1;16
00180522;208703;да;4;0;1;15
00180520;208702;да;5;0;1;15
00180519;208701;да;1;0;1;16
00074098;208700;нет;0;0;1;0
00198384;208698;да;1;3;1;12
00198383;208697;да;20;8;1;11
00198382;208696;да;1;2;1;12
00198381;208695;да;49;0;1;11
00197877;208694;да;28;23;1;11
00182432;208693;да;20;16;1;13
00182430;208692;да;2;0;1;13
00182429;208691;да;12;0;1;13
00178365;208690;да;7;0;1;14
00178364;208689;да;18;6;1;14
00129299;208688;да;85;81;1;15
00007742;208687;да;15;11;1;16
00006396;208686;да;32;23;1;14
00002483;208685;да;21;13;1;14
00200591;208684;да;1;0;1;10
00200589;208683;нет;0;0;1;0
00200588;208682;да;2;0;1;10
00200437;208681;да;14;10;1;10
00200434;208680;да;9;10;1;10
00199574;208679;да;99;45;1;10
00197859;208678;да;64;22;1;14
00197858;208677;да;33;18;1;15
00197856;208676;да;45;7;1;15
00197855;208675;да;19;9;1;15
00197854;208674;да;20;20;1;14
00197853;208673;да;186;125;1;15
00197852;208672;да;47;8;1;14
00197851;208671;да;27;6;1;15
00197850;208670;да;35;0;1;14
00196472;208669;да;0;1;1;14
00182394;208668;да;16;12;1;15
00174035;208667;да;37;14;1;14
00117656;208666;да;0;10;1;18
00117655;208665;да;23;6;1;18
00117653;208663;нет;0;0;1;0
00117652;208662;да;20;20;1;18
00117651;208661;нет;0;0;1;0
00117647;208660;да;26;33;1;18
00117645;208659;нет;0;0;1;0
00117644;208658;да;44;41;1;18
00117643;208657;нет;0;0;1;0
00117641;208656;да;75;62;1;19
00117638;208655;да;0;18;1;19
00117636;208654;нет;0;0;1;0
00117634;208653;да;51;31;1;19
00117630;208652;да;0;3;1;19
00117629;208651;да;4;7;1;19
00117627;208650;да;131;94;1;19
00117603;208649;нет;0;0;1;0
00117575;208648;нет;0;0;1;0
00117577;208647;да;48;0;1;19
00117572;208646;да;0;1;1;19
00117562;208645;да;15;1;1;19
00117561;208644;да;27;21;1;19
00117559;208643;да;1;0;1;19
00003740;208642;да;10;0;1;15
00197882;208641;да;114;0;1;4
00197881;208640;да;205;1;1;4
00197868;208639;да;38;1;1;6
00197849;208638;да;9;10;1;6
00197848;208637;да;9;19;1;5
00197847;208636;да;27;17;1;5
00197846;208635;да;6;10;1;5
00197845;208634;да;6;19;1;5
00197844;208633;да;40;30;1;5
00197843;208632;да;17;0;1;4
00193116;208623;да;69;70;1;18
00186137;208622;да;0;1;1;11
11208917;208618;да;9;6;1;19
00192065;208577;да;30;9;1;14
00186135;208576;да;1;0;1;16
00182568;208572;да;0;9;1;15
00182536;208570;да;0;4;1;19
00178213;208565;нет;0;0;1;0
00178212;208564;да;0;33;1;20
00165083;208563;нет;0;0;1;0
11208952;208562;да;41;31;1;18
11208936;208560;нет;0;0;1;0
11208935;208559;нет;0;0;1;0
00151390;208555;нет;0;0;1;0
00151388;208554;нет;0;0;1;0
00102603;208553;нет;0;0;1;0
00102557;208552;да;0;4;1;24
00102465;208551;нет;0;0;1;0
00102464;208550;да;4;7;1;23
00194808;208511;нет;0;0;1;0
00194201;208510;да;3;3;1;11
00186136;208506;нет;0;0;1;0
00186134;208505;да;1;0;1;12
00186133;208504;да;1;0;1;12
00182563;208497;да;46;8;1;19
00182562;208496;да;47;7;1;18
00182533;208494;да;0;28;1;21
00182530;208492;да;2;1;1;19
00182528;208491;нет;0;0;1;0
00181159;208488;да;37;30;1;15
00178221;208482;да;20;14;1;18
00177124;208481;да;24;3;1;17
00165082;208475;нет;0;0;1;0
00143700;208471;да;35;0;1;16
00102587;208466;нет;0;0;1;0
00102459;208465;да;3;1;1;21
00102433;208464;да;1;0;1;21
00201188;208456;да;14;13;1;13
00164458;208454;да;7;21;1;16
00201648;208453;да;1;11;1;11
00197699;208452;нет;0;0;1;0
00004772;208444;да;40;24;1;8
00004771;208443;нет;0;0;1;0
00004770;208442;да;0;4;1;13
00004763;208438;да;7;0;1;14
00178373;208432;да;18;0;1;8
00161118;208427;да;0;148;1;7
00127740;208425;да;0;334;1;9
00127739;208424;да;0;34;1;12
00090759;208423;да;0;200;1;10
00120432;208421;да;30;129;1;11
00199569;208420;нет;0;0;1;0
00195095;208419;да;48;9;1;10
00195094;208418;да;12;15;1;10
00195093;208417;да;60;35;1;9
00195092;208416;да;31;11;1;5
00191213;208415;да;51;29;1;5
00178295;208414;да;0;7;1;7
00196843;208412;да;4;11;1;8
00196808;208411;да;0;1;1;5
00035117;208404;да;3;0;1;11
00196841;208403;да;13;12;1;6
00183956;208397;да;10;0;1;9
00182374;208396;да;14;18;1;11
00035131;208378;нет;0;0;1;0
00196847;208369;да;10;7;1;6
00196845;208367;да;0;5;1;6
00202668;208360;нет;0;0;1;0
00199960;208358;да;11;23;1;7
00199926;208357;да;30;23;1;9
00199766;208356;нет;0;0;1;0
00199339;208355;да;48;50;1;7
00196869;208353;да;134;70;1;8
00194271;208351;да;134;5;1;8
00194265;208350;да;6;3;1;11
00194258;208349;да;15;9;1;8
00193766;208348;да;0;7;1;7
00191842;208346;да;0;7;1;9
00189545;208345;да;0;3;1;9
00183763;208342;да;30;40;1;7
00183762;208341;нет;0;0;1;0
00183752;208340;нет;0;0;1;0
00182829;208339;да;480;188;1;12
00181158;208337;да;30;10;1;10
00178355;208336;да;38;18;1;10
00178354;208335;да;70;41;1;8
00143249;208334;да;8;1;1;9
00201458;208331;да;17;4;1;6
00201455;208330;да;20;2;1;6
00201449;208329;да;17;2;1;7
00201028;208328;да;30;10;1;6
00201025;208327;да;29;10;1;6
00201022;208326;да;29;11;1;6
00201019;208325;да;29;0;1;6
00201016;208324;да;29;5;1;5
00195932;208321;да;20;20;1;6
00195931;208320;да;0;9;1;6
00195930;208319;да;20;26;1;6
00203015;208316;да;1;2;1;8
00203012;208315;да;3;1;1;8
00203009;208314;да;0;3;1;8
00203006;208313;да;2;2;1;8
00203003;208312;да;3;2;1;8
00203175;208311;да;1;0;1;9
00194296;208307;да;2;2;1;10
00194287;208306;да;2;2;1;11
00194284;208305;да;4;4;1;11
00202666;208303;да;30;40;1;14
00202665;208302;да;31;30;1;14
00201226;208301;да;27;15;1;12
00201214;208300;да;27;15;1;12
00201146;208299;да;50;0;1;11
00200480;208297;да;9;10;1;11
00193779;208283;да;70;43;1;11
00193778;208282;да;40;8;1;11
00190254;208281;да;35;116;1;10
00184216;208278;да;6;0;1;7
00183328;208277;нет;0;0;1;0
00183317;208276;да;6;3;1;13
00183316;208275;да;3;1;1;12
00181932;208273;да;3;10;1;14
00181931;208272;да;20;2;1;14
00181930;208271;нет;0;0;1;0
00181929;208270;да;61;3;1;14
00178209;208268;да;8;24;1;13
00178208;208267;да;33;61;1;13
00176285;208262;да;4;4;1;13
00176282;208260;нет;0;0;1;0
00176279;208257;да;2;0;1;13
00176271;208253;да;60;0;1;14
00176269;208252;да;7;1;1;14
00175874;208248;нет;0;0;1;0
00175872;208247;нет;0;0;1;0
00173962;208245;да;30;35;1;12
00173958;208242;да;111;169;1;14
00003578;208240;да;8;1;1;14
00002997;208239;да;2;1;1;14
11252394;208237;да;79;78;1;13
00165629;208235;да;72;26;1;9
00161201;208229;да;54;30;1;10
00160936;208228;нет;0;0;1;0
00160934;208227;нет;0;0;1;0
00160933;208226;да;10;4;1;14
00160401;208223;да;36;17;1;15
00136066;208222;да;12;9;1;15
00120437;208221;да;0;194;1;15
00120436;208220;да;0;20;1;15
00194178;208208;да;0;7;1;7
00195942;208207;да;10;9;1;6
00195941;208206;да;3;0;1;6
00195939;208205;да;8;0;1;6
00195936;208204;нет;0;0;1;0
00195935;208203;да;4;0;1;6
00195934;208202;да;5;10;1;6
00195933;208201;да;5;3;1;6
11550226;208200;да;2;0;1;7
11550225;208199;да;8;0;1;8
11550170;208198;да;8;0;1;7
11550169;208197;да;1;1;1;6
11550168;208196;нет;0;0;1;0
11550162;208195;да;3;0;1;7
11550159;208194;да;1;0;1;7
00142099;208193;нет;0;0;1;0
00199930;208192;да;0;8;1;7
00144318;208191;да;6;0;1;7
00062153;208189;да;15;0;1;9
00062117;208188;да;10;0;1;9
00062100;208187;да;13;9;1;9
00062095;208186;да;4;0;1;9
00062066;208185;да;5;0;1;9
00196779;208184;нет;0;0;1;0
00195861;208183;нет;0;0;1;0
00195860;208182;да;7;9;1;8
00195859;208181;да;12;10;1;8
00195856;208178;да;5;2;1;5
00195855;208177;нет;0;0;1;0
00195854;208176;да;4;0;1;8
00195853;208175;да;6;4;1;7
00195852;208174;да;6;2;1;7
00193308;208172;да;3;1;1;5
00193298;208171;да;0;1;1;8
00201191;208169;да;10;8;1;5
00199934;208168;да;3;10;1;7
00199933;208167;да;0;13;1;7
00199932;208166;да;4;10;1;7
00199920;208160;да;6;8;1;5
00195421;208143;да;393;596;1;10
00195420;208142;да;53;602;1;10
00195418;208141;да;45;40;1;11
00195417;208140;да;0;9;1;9
00194176;208138;да;2;3;1;7
00185239;208136;да;60;45;1;7
00183946;208133;да;16;8;1;7
00175914;208131;да;42;7;1;9
00175913;208130;да;149;111;1;9
00175912;208129;да;48;16;1;9
00175911;208128;да;130;98;1;10
00175910;208127;да;123;54;1;9
00175909;208126;да;59;40;1;9
00175908;208125;да;134;90;1;9
00175854;208124;да;143;39;1;9
00120435;208120;да;33;10;1;12
00006293;208115;да;463;36;1;9
00002462;208114;нет;0;0;1;0
00003731;208113;да;1681;1065;1;9
00193762;208108;нет;0;0;1;0
00193761;208107;нет;0;0;1;0
00193760;208106;нет;0;0;1;0
00176321;208105;нет;0;0;1;0
00199688;208102;нет;0;0;1;0
00188979;208100;да;3;0;1;17
00182161;208098;да;48;5;1;6
00185516;208096;да;56;21;1;8
00185515;208095;да;14;5;1;8
00165401;208094;да;3;0;1;5
00142081;208093;да;10;0;1;9
00088006;208092;да;346;290;1;8
00062027;208091;да;19;8;1;9
00196755;208090;нет;0;0;1;0
00193309;208088;да;0;4;1;7
00195952;208086;да;15;2;1;10
00195964;208080;нет;0;0;1;0
00175969;208076;да;2;9;1;11
00196760;208068;нет;0;0;1;0
00199259;208062;да;1;0;1;9
00199258;208061;да;0;1;1;9
00193319;208060;да;0;1;1;10
11550247;208059;да;0;1;1;10
00183923;208055;да;27;7;1;8
00178434;208053;да;9;9;1;9
00178433;208052;да;3;3;1;9
00195945;208046;да;0;1;1;10
00196763;208043;да;0;1;1;8
00196762;208042;да;1;0;1;8
00193470;208040;да;15;22;1;10
00193403;208039;да;18;18;1;10
00194186;208038;да;7;2;1;15
00194185;208037;нет;0;0;1;0
00194184;208036;да;0;4;1;14
00193754;208035;нет;0;0;1;0
11550357;208034;да;88;62;1;15
11550355;208033;да;7;10;1;13
11550354;208032;да;9;4;1;12
11550353;208031;да;17;9;1;9
11550352;208030;да;10;0;1;14
00178288;208028;нет;0;0;1;0
00186523;208024;да;38;54;1;9
00186522;208023;да;24;10;1;9
00089943;208020;да;1;0;1;9
00062114;208019;да;2;0;1;9
00062025;208018;да;12;12;1;11
00062023;208017;да;4;2;1;10
00062021;208016;да;2;0;1;8
00092034;208013;да;15;13;1;10
00091993;208012;да;10;0;1;10
00201694;208011;нет;0;0;1;0
00192924;208010;да;9;6;1;8
00192923;208009;да;16;6;1;8
00183957;208008;да;16;54;1;6
00182572;208007;да;121;70;1;8
00182571;208006;да;228;85;1;8
00178235;208001;да;32;4;1;8
00090755;207995;нет;0;0;1;0
00013339;207994;да;16;119;1;13
00178252;207993;нет;0;0;1;0
00123779;207989;да;35;0;1;24
00121942;207986;да;50;113;1;6
00167135;207985;да;0;23;1;5
00127865;207984;да;0;1;1;11
00127864;207983;да;1;0;1;10
00097258;207982;да;2;0;1;11
00097256;207981;да;5;0;1;11
00097253;207980;да;149;122;1;9
00196867;207979;да;4;3;1;10
00196813;207978;да;30;31;1;6
00196812;207977;да;25;23;1;9
00196811;207976;да;20;25;1;9
00195451;207975;да;2;6;1;6
00194070;207974;нет;0;0;1;0
00194069;207973;нет;0;0;1;0
00194068;207972;да;16;4;1;7
00193755;207971;да;0;22;1;11
00187270;207970;да;1;3;1;8
00183932;207969;да;40;12;1;9
00183930;207968;да;52;44;1;10
00183929;207967;да;21;12;1;9
00183928;207966;да;0;4;1;9
00183927;207965;да;254;350;1;8
00174006;207964;да;229;232;1;8
00150386;207963;да;368;280;1;7
00082977;207962;нет;0;0;1;0
00120388;207961;да;994;390;1;8
00120387;207960;да;354;1012;1;9
00120385;207959;да;516;200;1;12
00120384;207958;да;72;0;1;12
00120378;207957;да;634;31;1;11
00120377;207956;да;100;86;1;10
00035114;207954;нет;0;0;1;0
00153824;207953;да;1;1;1;5
00153823;207952;да;1;1;1;5
00128088;207951;да;1;2;1;5
00202934;207948;да;10;0;1;8
00188361;207938;да;4;4;1;9
00169097;207909;да;7;4;1;13
00169094;207906;да;2;1;1;10
00169090;207903;да;46;37;1;10
00095978;207898;да;1;1;1;10
00095976;207897;нет;0;0;1;0
00095974;207895;да;4;1;1;10
00095973;207894;да;7;4;1;11
00095972;207893;да;13;6;1;11
00095971;207892;да;23;13;1;11
00095970;207891;да;7;5;1;11
00064307;207886;да;1;0;1;14
00064306;207885;нет;0;0;1;0
00064298;207882;да;1;2;1;14
00064296;207881;да;16;8;1;13
00169819;207839;нет;0;0;1;0
00129407;207835;да;1;1;1;13
00129406;207834;да;2;2;1;13
00093929;207831;да;0;1;1;15
00072699;207827;да;14;0;1;14
00063181;207817;да;8;4;1;13
00063177;207813;да;37;5;1;14
00057117;207807;да;2;4;1;14
00153479;207797;да;2;1;1;18
00153478;207796;да;0;1;1;19
00153140;207795;нет;0;0;1;0
00141759;207794;да;1;0;1;19
00141756;207793;да;1;0;1;19
00103272;207792;да;1;1;1;19
00095967;207791;да;1;2;1;19
00090125;207790;да;1;1;1;20
00090124;207789;да;2;1;1;20
00090121;207788;да;0;1;1;20
00090120;207787;да;7;29;1;20
00090118;207786;нет;0;0;1;0
00090115;207785;да;0;3;1;17
00090114;207784;да;2;1;1;17
00090113;207783;да;6;5;1;17
00090112;207782;да;5;3;1;17
00090111;207781;да;2;2;1;17
00090110;207780;да;1;1;1;17
00063194;207778;да;6;11;1;20
00063193;207777;да;8;2;1;20
00063192;207776;нет;0;0;1;0
00063191;207775;да;4;3;1;20
00063190;207774;да;6;3;1;20
00063189;207773;да;2;0;1;20
00063188;207772;да;1;0;1;20
00063187;207771;нет;0;0;1;0
00063186;207770;да;2;0;1;20
00059814;207769;да;58;25;1;20
00059811;207768;да;3;2;1;20
00059458;207767;да;1;1;1;20
00059456;207766;да;42;19;1;20
00059454;207765;да;3;0;1;20
00059453;207764;да;4;2;1;20
00059449;207763;да;1;1;1;17
00059448;207762;да;1;1;1;17
00059446;207761;да;1;0;1;17
00057123;207760;да;4;6;1;18
00057122;207759;да;0;4;1;17
00057120;207758;да;6;5;1;17
00056427;207757;да;9;7;1;17
00056426;207756;да;21;11;1;17
00056425;207755;нет;0;0;1;0
00056424;207754;да;10;6;1;20
00055611;207753;да;3;2;1;19
00055610;207752;да;21;9;1;20
00040251;207751;да;270;113;1;20
00040250;207750;да;7;0;1;20
00203142;207749;нет;0;0;1;0
00200758;207748;да;1;1;1;21
00200757;207747;да;1;2;1;21
00200756;207746;нет;0;0;1;0
00200381;207745;да;0;2;1;21
11627473;207744;да;2;4;1;14
00194619;207743;да;34;16;1;20
00194618;207742;да;4;5;1;20
00194616;207741;да;7;9;1;20
00194614;207740;да;3;7;1;20
00194396;207739;да;1;1;1;22
00194395;207738;да;1;2;1;22
00194393;207737;да;0;1;1;22
00193417;207736;да;0;1;1;23
00193416;207735;да;0;1;1;23
00182036;207734;нет;0;0;1;0
00182029;207733;да;7;1;1;22
00182028;207732;да;10;4;1;22
00182025;207731;нет;0;0;1;0
00182024;207730;нет;0;0;1;0
00182023;207729;да;0;1;1;23
00182022;207728;нет;0;0;1;0
00182021;207727;да;3;2;1;24
00182020;207726;нет;0;0;1;0
00182019;207725;нет;0;0;1;0
00175648;207724;нет;0;0;1;0
00175647;207723;да;3;0;1;24
00175646;207722;да;3;2;1;25
00175645;207721;да;4;2;1;25
00174192;207720;да;2;0;1;22
00173011;207719;да;1;1;1;27
00173010;207718;да;4;2;1;26
00172121;207717;да;1;1;1;26
00172120;207716;да;3;1;1;25
00171082;207715;нет;0;0;1;0
00171081;207714;да;31;2;1;25
00171080;207713;да;5;0;1;25
00171079;207712;да;14;6;1;27
00171078;207711;нет;0;0;1;0
00171077;207710;нет;0;0;1;0
11203322;207708;да;1;0;1;8
00127882;207707;да;2;1;1;13
00072704;207706;да;6;5;1;20
00072607;207705;да;4;2;1;22
00064312;207704;да;190;109;1;16
00064311;207703;да;287;116;1;20
00174343;207701;да;4;5;1;3
00142008;207699;да;5;6;1;4
00126220;207698;да;0;7;1;4
00105272;207697;да;0;19;1;5
00185236;207694;нет;0;0;1;0
00185036;207693;да;33;65;1;4
00147511;207692;да;5;0;1;5
00147510;207691;нет;0;0;1;0
00201009;207689;да;20;17;1;27
00201008;207688;да;16;0;1;31
00200168;207687;нет;0;0;1;0
00200050;207686;да;12;27;1;14
00190299;207679;да;0;6;1;10
00190295;207675;да;0;6;1;10
00189347;207674;да;0;2;1;16
00189346;207673;да;0;4;1;16
00189345;207672;да;0;5;1;16
00189344;207671;да;0;5;1;16
00202979;207669;да;15;10;1;6
00202976;207668;да;17;10;1;6
00202973;207667;да;9;8;1;6
00202970;207666;да;7;4;1;6
00202967;207665;да;9;10;1;6
00202964;207664;да;18;6;1;10
00202961;207663;да;40;8;1;6
28083;207644;да;0;1;1;6
00154660;207643;да;30;13;1;9
00152557;207642;да;42;0;1;9
00186509;207639;да;2;1;1;12
00186508;207638;да;0;1;1;12
00175009;207637;да;7;8;1;7
00062011;207636;да;2;3;1;12
00175017;207634;нет;0;0;1;0
00062031;207631;да;3;6;1;13
00167419;207625;да;22;40;1;5
00197954;207624;да;1;4;1;4
00190086;207620;да;1;0;1;15
00186529;207617;да;1;4;1;7
00169955;207616;да;44;45;1;9
00062064;207615;да;14;8;1;7
00062039;207614;да;6;17;1;7
00062038;207613;нет;0;0;1;0
00186527;207612;да;6;5;1;11
00186526;207611;да;6;6;1;9
00186525;207610;да;3;12;1;9
00165381;207609;нет;0;0;1;0
00145812;207608;да;1;0;1;7
00178488;207606;да;1;5;1;5
00145802;207605;да;14;11;1;9
00062041;207602;да;4;5;1;11
00062040;207601;да;12;37;1;15
00179955;207599;да;18;16;1;9
00017506;207598;нет;0;0;1;0
00017504;207597;да;2;0;1;13
00017503;207596;нет;0;0;1;0
00017502;207595;да;14;3;1;12
00203000;207594;да;7;8;1;12
00202997;207593;да;13;11;1;12
00201681;207592;нет;0;0;1;0
00200992;207591;нет;0;0;1;0
00200989;207590;да;0;1;1;6
00200986;207589;да;1;2;1;6
00200978;207588;да;5;3;1;4
00200975;207587;да;1;0;1;4
00200972;207586;нет;0;0;1;0
00200969;207585;да;20;11;1;4
00200966;207584;да;10;10;1;4
00200752;207583;да;1;7;1;8
00200683;207582;нет;0;0;1;0
00199826;207579;да;9;6;1;6
00197809;207565;да;9;0;1;4
00184171;207557;да;14;5;1;8
00182258;207556;да;14;7;1;7
00178901;207551;нет;0;0;1;0
00178900;207550;да;1;2;1;20
00178028;207549;да;6;8;1;21
00177107;207541;да;5;2;1;10
00176296;207536;нет;0;0;1;0
00175289;207534;да;1;0;1;8
00175288;207533;да;3;5;1;6
00174612;207532;нет;0;0;1;0
00174611;207531;нет;0;0;1;0
00173530;207528;да;5;3;1;7
00173528;207527;да;14;17;1;7
00173526;207526;да;8;8;1;14
00142533;207519;нет;0;0;1;0
00131785;207518;да;0;1;1;7
00091550;207517;нет;0;0;1;0
00119561;207516;нет;0;0;1;0
11596062;207507;да;32;21;1;6
11595902;207506;да;20;10;1;6
11595876;207505;да;7;7;1;6
11595875;207504;да;4;8;1;6
11595603;207499;да;5;4;1;6
11595411;207496;да;1;3;1;6
11595392;207495;да;0;1;1;6
11595043;207494;да;20;19;1;6
11595042;207493;да;0;2;1;6
11591977;207491;нет;0;0;1;0
11591969;207490;да;1;0;1;4
00192817;207489;да;2;3;1;5
00192809;207488;да;3;12;1;5
00192803;207487;да;4;6;1;5
00192802;207486;да;28;60;1;5
00192788;207485;да;3;6;1;5
00192765;207484;да;3;0;1;5
00192736;207483;нет;0;0;1;0
00192725;207482;да;2;3;1;7
00192724;207481;да;4;9;1;7
00190859;207480;да;5;17;1;4
11497425;207479;да;8;20;1;3
11497424;207478;да;0;15;1;2
11497421;207477;да;0;11;1;2
00188893;207476;да;0;4;1;3
00188715;207475;да;0;3;1;3
00188119;207474;да;2;3;1;3
11452179;207473;да;6;3;1;4
11452118;207472;да;6;1;1;3
11450188;207471;да;6;0;1;3
11450076;207470;да;10;0;1;4
00164152;207463;да;10;5;1;6
00159506;207461;да;0;2;1;5
00156912;207459;да;13;6;1;7
00156911;207458;нет;0;0;1;0
00156689;207457;да;6;3;1;7
00156688;207456;да;12;0;1;7
00156686;207455;да;0;13;1;7
00156685;207454;да;0;6;1;7
00156684;207453;да;32;2;1;7
00146213;207451;да;16;0;1;6
00146174;207449;да;21;12;1;6
00130441;207448;да;1;2;1;4
00080799;207447;нет;0;0;1;0
00032186;207445;да;1;5;1;7
00017212;207443;да;0;23;1;7
00017082;207442;нет;0;0;1;0
00010195;207440;да;20;50;1;7
00007914;207439;да;3;0;1;6
00007913;207438;да;19;10;1;6
00007912;207437;да;3;0;1;6
00145351;207417;да;19;13;1;20
00120935;207403;нет;0;0;1;0
00181034;207390;да;19;20;1;6
00185296;207346;нет;0;0;1;0
00161271;207341;нет;0;0;1;0
00189670;207332;да;14;12;1;4
00141892;207328;да;5;1;1;5
00193377;207321;да;0;1;1;5
00120894;207309;да;20;23;1;15
00120891;207306;да;6;8;1;15
00197836;207290;нет;0;0;1;0
00197835;207289;да;0;1;1;10
00178292;207288;да;27;0;1;7
00178291;207287;да;2;14;1;6
00178290;207286;да;45;10;1;6
00185868;207247;да;0;1;1;8
00198602;207246;да;44;137;1;5
00185864;207242;да;2;5;1;3
00170703;207237;нет;0;0;1;0
00201276;207233;да;0;3;1;5
00196857;207231;нет;0;0;1;0
00180318;207229;нет;0;0;1;0
00200916;207225;да;3;2;1;43
00200915;207224;да;1;1;1;44
00191377;207223;да;1;0;1;43
00185859;207222;да;2;1;1;51
00185858;207221;да;1;1;1;51
00200699;207215;да;8;8;1;10
00200698;207214;да;1;2;1;9
00002838;207205;да;74;59;1;15
00202653;207202;да;15;9;1;13
00198690;207197;да;3;1;1;15
00198687;207196;да;2;3;1;15
00189139;207192;да;4;6;1;13
00173820;207171;да;210;130;1;16
11252180;207169;да;7;3;1;9
11252167;207167;да;180;126;1;16
11252165;207165;да;79;39;1;16
00202657;207154;нет;0;0;1;0
00202656;207153;нет;0;0;1;0
00202652;207152;да;2;0;1;11
00201612;207151;нет;0;0;1;0
00201611;207150;да;1;0;1;13
00199799;207149;да;6;11;1;11
00198918;207142;да;2;1;1;25
00181410;207136;да;1;1;1;18
11252177;207130;нет;0;0;1;0
00141835;207127;да;16;13;1;23
00199230;207121;нет;0;0;1;0
11597827;207120;да;1;2;1;9
11595163;207119;да;22;24;1;10
11595160;207117;да;28;31;1;10
11595158;207115;да;10;8;1;10
00156882;207110;да;12;8;1;13
00146154;207109;да;24;18;1;12
00146153;207108;да;23;10;1;12
00146152;207107;да;9;7;1;12
00146150;207105;да;30;26;1;12
00004434;207098;да;0;2;1;13
00001365;207097;да;0;2;1;16
11595117;207094;нет;0;0;1;0
11595115;207093;нет;0;0;1;0
11595114;207092;нет;0;0;1;0
11316194;207089;да;1;4;1;7
00156760;207088;да;56;27;1;8
00156752;207084;да;20;10;1;8
00113447;207081;да;4;56;1;8
00053208;207079;да;0;11;1;9
00036879;207077;да;1;5;1;7
00004465;207071;да;1;4;1;8
00004463;207070;да;0;4;1;9
00004462;207069;да;0;1;1;8
00004459;207068;да;1;1;1;10
00198246;207066;да;39;166;1;4
11595132;207065;да;2;0;1;8
11595131;207064;да;27;1;1;8
00192754;207061;да;11;13;1;5
00192748;207060;да;16;14;1;5
00189853;207058;да;1;1;1;6
00156738;207056;да;139;104;1;8
00149911;207052;нет;0;0;1;0
11659435;207046;да;3;7;1;16
11225500;207042;нет;0;0;1;0
00188439;207035;да;0;3;1;5
00166254;207027;да;0;1;1;4
00160496;207023;да;1;17;1;4
00160495;207022;да;2;14;1;4
00160494;207021;да;1;0;1;4
00160493;207020;да;10;7;1;4
00160491;207019;да;8;12;1;4
00160490;207018;да;2;22;1;4
00160489;207017;да;5;10;1;4
00160488;207016;да;0;9;1;4
00160487;207015;да;4;12;1;4
00160486;207014;да;7;8;1;4
00151381;207011;нет;0;0;1;0
00151380;207010;да;2;18;1;5
00146274;207009;да;1;4;1;5
00142588;207006;нет;0;0;1;0
00142587;207005;да;0;4;1;6
00142586;207004;нет;0;0;1;0
00091915;207003;да;6;3;1;12
00091914;207002;нет;0;0;1;0
00117142;206999;да;106;73;1;7
00168247;206994;нет;0;0;1;0
00156528;206993;да;20;0;1;8
00108929;206992;да;65;11;1;11
00104209;206991;да;28;44;1;11
00006400;206986;нет;0;0;1;0
00156545;206985;да;3;0;1;4
00188275;206982;да;8;15;1;8
00188077;206981;да;0;17;1;8
00188023;206980;да;10;12;1;8
11452100;206978;да;6;0;1;8
11452048;206977;да;1;16;1;8
11450103;206976;да;0;11;1;8
11450065;206975;да;3;16;1;8
00183466;206968;нет;0;0;1;0
00176892;206967;да;4;0;1;11
00197786;206966;нет;0;0;1;0
00197785;206965;нет;0;0;1;0
00187952;206964;нет;0;0;1;0
00142645;206958;да;5;12;1;10
00142644;206957;да;13;14;1;10
00142643;206956;да;11;16;1;10
11595362;206955;нет;0;0;1;0
11595363;206949;да;1;0;1;6
11595344;206948;да;0;1;1;6
00159646;206946;да;10;5;1;6
00157189;206945;да;6;3;1;8
00156765;206944;нет;0;0;1;0
00195901;206938;да;0;1;1;7
11595682;206937;да;8;2;1;8
11595446;206936;нет;0;0;1;0
11595112;206930;да;13;7;1;9
00146182;206929;да;39;4;1;8
00156741;206928;да;16;18;1;8
11595136;206926;нет;0;0;1;0
11595693;206923;нет;0;0;1;0
11595509;206922;да;7;1;1;6
00159314;206921;да;5;7;1;7
00157190;206920;да;6;13;1;8
00156766;206919;нет;0;0;1;0
00156733;206918;да;7;1;1;9
00153892;206917;да;60;28;1;7
00200995;206913;да;25;20;1;6
00197688;206912;нет;0;0;1;0
00197680;206910;да;10;1;1;7
00197678;206909;да;3;0;1;5
00197651;206908;да;0;3;1;9
00195967;206907;да;107;130;1;9
00195966;206906;да;189;154;1;9
00195965;206905;да;69;122;1;8
00183758;206904;нет;0;0;1;0
00183757;206903;да;4;1;1;9
00178239;206902;да;40;58;1;7
11318609;206901;да;1;0;1;6
00117872;206899;да;205;225;1;11
00117870;206898;да;47;106;1;12
00006144;206897;да;63;71;1;11
00006143;206896;да;50;64;1;9
00006021;206894;да;40;39;1;11
00006020;206893;да;40;36;1;11
00006019;206892;да;40;52;1;12
00006018;206891;да;210;106;1;12
00006011;206890;да;1500;1085;1;11
00006010;206889;да;1510;1440;1;12
00190304;206888;да;0;6;1;12
00190303;206887;да;0;1;1;12
00190302;206886;да;0;2;1;12
00190300;206884;да;0;1;1;12
00011407;206883;да;0;3;1;6
00182303;206880;да;6;6;1;6
00199959;206879;да;0;6;1;7
00199957;206878;да;20;11;1;5
00199956;206877;да;0;17;1;7
00199928;206876;да;2;10;1;7
00199927;206875;да;0;5;1;7
00182414;206874;да;6;28;1;8
00182413;206873;да;166;204;1;9
00182412;206872;да;126;42;1;9
00121467;206866;да;1;1;1;6
00201991;206864;да;88;99;1;9
00201990;206863;да;50;50;1;9
00201989;206862;да;50;50;1;9
00201988;206861;да;100;94;1;9
00201987;206860;да;49;44;1;9
00199336;206859;да;50;50;1;4
00199335;206858;да;49;148;1;9
00199334;206857;да;30;24;1;9
00199333;206856;да;94;100;1;9
00198760;206855;да;8;30;1;5
00198758;206854;да;137;86;1;3
00198206;206853;да;48;45;1;7
00197690;206852;да;9;0;1;6
00189546;206849;нет;0;0;1;0
00184756;206848;да;38;4;1;8
00183952;206847;да;15;26;1;8
00167043;206844;да;10;0;1;5
00003738;206839;да;6;3;1;12
00003732;206838;да;9;6;1;11
00201482;206837;да;33;21;1;8
00201476;206836;да;60;26;1;8
00201473;206835;да;60;26;1;8
00200244;206834;да;0;50;1;9
00200153;206833;да;1;6;1;7
00198511;206832;да;74;16;1;8
00196865;206831;да;17;11;1;7
00196864;206830;да;0;19;1;7
00196860;206828;нет;0;0;1;0
00193756;206827;да;30;45;1;11
00193107;206826;да;408;747;1;11
00183761;206825;да;194;114;1;10
00182875;206824;нет;0;0;1;0
00182401;206823;нет;0;0;1;0
00182398;206822;да;1;13;1;8
00178232;206821;да;110;0;1;12
00178231;206820;да;215;100;1;10
00178229;206819;да;0;139;1;13
00178228;206818;да;319;314;1;13
00178227;206817;да;296;130;1;9
00178226;206816;да;366;274;1;10
00178225;206815;да;1;308;1;14
00178224;206814;да;533;17;1;10
00178223;206813;да;237;0;1;12
00178222;206812;да;67;22;1;11
00082522;206811;да;0;500;1;10
00082521;206810;да;109;1500;1;9
00138465;206809;да;168;125;1;13
00138464;206808;да;1012;190;1;12
00138463;206807;да;252;1661;1;13
00138462;206806;да;5;0;1;14
00117543;206804;да;9;1;1;11
00017479;206801;нет;0;0;1;0
00006339;206799;да;50;53;1;14
00193757;206798;да;814;442;1;7
00175957;206797;да;154;205;1;9
00013338;206796;да;346;236;1;9
00047566;206795;да;631;327;1;8
00200293;206794;да;1;1;1;0
00189285;206793;да;5;12;1;4
00187973;206791;да;2;2;1;8
00187972;206790;да;13;10;1;8
00194998;206786;да;3;2;1;12
00202664;206763;да;13;23;1;14
00193090;206760;да;8;1;1;14
00187673;206754;нет;0;0;1;0
00174862;206748;да;0;10;1;20
00202269;206746;да;0;1;1;4
00178822;206744;да;4;0;1;7
00183016;206742;да;44;3;1;7
00183015;206741;да;60;35;1;5
00183014;206740;да;0;180;1;8
00164780;206739;да;0;9;1;6
00110734;206735;да;233;224;1;7
00015286;206734;да;13;9;1;9
00018184;206733;да;33;230;1;12
00201365;206732;да;0;1;1;5
00175871;206729;да;39;10;1;8
00096323;206724;да;0;125;1;11
00096321;206723;нет;0;0;1;0
00196877;206721;да;9;25;1;5
00193764;206719;нет;0;0;1;0
11408894;206712;да;0;400;1;7
11539109;206704;да;9;0;1;14
00186952;206702;да;2;1;1;15
00182189;206701;да;2;4;1;17
00182188;206700;да;0;1;1;15
00182184;206699;да;1;0;1;12
11539063;206696;да;6;2;1;16
00175701;206695;да;2;2;1;20
00185155;206693;да;2;0;1;8
00202139;206684;да;17;0;1;3
00202101;206683;да;6;46;1;4
00201518;206682;да;0;2;1;3
00201513;206681;да;0;3;1;3
00201510;206680;да;0;3;1;3
00201507;206679;да;0;2;1;3
00201505;206678;да;2;3;1;3
00201504;206677;да;0;8;1;3
00199674;206675;да;0;40;1;8
00199673;206674;нет;0;0;1;0
00192676;206667;нет;0;0;1;0
00190537;206665;да;10;37;1;5
00190536;206664;да;24;22;1;9
00178626;206661;нет;0;0;1;0
00176229;206660;нет;0;0;1;0
00175940;206659;да;3;0;1;4
00175937;206656;нет;0;0;1;0
00175929;206655;нет;0;0;1;0
00201985;206652;нет;0;0;1;0
00201984;206651;да;1;0;1;9
00201522;206650;да;0;5;1;9
00199656;206649;да;1;10;1;15
00199654;206648;да;8;4;1;12
00199653;206647;да;3;9;1;11
00199046;206646;нет;0;0;1;0
00187374;206645;нет;0;0;1;0
00187373;206644;да;2;0;1;15
00187372;206643;нет;0;0;1;0
00172296;206642;да;3;1;1;16
00188737;206641;да;41;50;1;7
00159593;206640;да;59;84;1;9
00110626;206639;да;82;76;1;11
00062058;206637;да;83;158;1;13
00183925;206636;да;6;12;1;10
00173999;206635;нет;0;0;1;0
00186513;206634;нет;0;0;1;0
00186512;206633;нет;0;0;1;0
00118050;206631;да;10;0;1;10
00151607;206625;нет;0;0;1;0
00151575;206624;да;1;0;1;9
00127402;206623;да;3;2;1;13
00186536;206622;да;14;21;1;7
00186535;206621;да;0;1;1;9
00168491;206619;да;1;0;1;7
00168118;206618;нет;0;0;1;0
00161761;206617;нет;0;0;1;0
00110628;206615;нет;0;0;1;0
00062099;206613;нет;0;0;1;0
00062063;206612;да;31;37;1;7
00062062;206611;нет;0;0;1;0
00062060;206610;нет;0;0;1;0
00062047;206609;да;8;2;1;8
00200761;206607;нет;0;0;1;0
00193217;206606;да;16;19;1;7
11550198;206605;нет;0;0;1;0
11550197;206604;да;9;9;1;3
11550194;206603;да;1;0;1;6
00186533;206599;да;4;0;1;9
00142072;206593;да;1;1;1;8
00062055;206592;да;15;33;1;13
00062043;206589;да;18;25;1;11
00196043;206585;да;6;1;1;22
00195099;206583;да;0;1;1;27
00200961;206582;да;15;12;1;12
00200960;206581;да;12;13;1;13
00197727;206580;нет;0;0;1;0
00173193;206576;да;52;30;1;5
00173192;206575;да;94;37;1;5
00171235;206571;нет;0;0;1;0
00040773;206570;да;2;0;1;5
00200668;206569;да;12;9;1;3
00200665;206568;да;9;2;1;3
00200662;206567;да;27;16;1;3
00195776;206566;да;1;2;1;9
00193763;206565;да;6;2;1;11
00200777;206557;нет;0;0;1;0
00003390;206553;да;1;0;1;7
00167428;206546;да;1;2;1;8
00167427;206545;да;3;0;1;7
00155017;206532;да;10;6;1;12
00142651;206528;да;3;8;1;15
00142650;206527;да;10;23;1;15
00142649;206526;да;19;37;1;15
00196268;206523;да;13;0;1;8
00196267;206522;да;39;12;1;8
00196266;206521;да;3;0;1;8
11206588;206520;нет;0;0;1;0
00199686;206516;да;44;43;1;4
00184754;206514;да;4;0;1;6
00172686;206512;да;23;0;1;8
00169063;206511;нет;0;0;1;0
00159079;206508;да;13;6;1;5
00156546;206507;да;33;14;1;6
00156543;206505;да;55;83;1;19
00156534;206501;да;34;38;1;6
00156533;206500;да;20;2;1;7
00156531;206499;да;5;1;1;7
00156530;206498;да;17;0;1;7
00117995;206497;да;15;32;1;6
00110721;206496;да;23;8;1;12
00201712;206495;да;2;74;1;9
00201709;206494;да;37;125;1;9
00201706;206493;нет;0;0;1;0
00201700;206492;да;98;67;1;7
00201697;206491;да;10;7;1;7
00120441;206485;да;24;27;1;9
00120440;206484;да;77;337;1;9
00117162;206482;да;45;40;1;9
00058038;206480;да;33;18;1;10
00055604;206478;да;117;61;1;10
29529;206476;да;172;110;1;14
29528;206475;да;6;144;1;13
00200590;206474;да;0;10;1;5
00197887;206469;да;2;16;1;6
00197886;206468;нет;0;0;1;0
00197885;206467;да;9;10;1;6
00197884;206466;да;0;15;1;7
00197878;206465;да;0;14;1;5
00196412;206462;да;0;17;1;6
00192727;206460;да;3;39;1;8
11562769;206459;нет;0;0;1;0
00189077;206457;да;2;0;1;6
00189076;206456;да;2;1;1;6
00188758;206455;да;7;12;1;6
00188689;206453;да;2;4;1;10
00182406;206444;нет;0;0;1;0
00182369;206443;да;0;10;1;5
00179376;206440;да;0;1;1;11
00176610;206438;нет;0;0;1;0
25541;206432;да;2;6;1;9
00014476;206430;да;0;1;1;10
00010197;206429;нет;0;0;1;0
00010196;206428;да;2;6;1;9
00006504;206427;нет;0;0;1;0
00087096;206426;нет;0;0;1;0
00197174;206425;нет;0;0;1;0
00197173;206424;нет;0;0;1;0
00195900;206423;нет;0;0;1;0
00190252;206422;да;0;934;1;9
11409085;206421;да;326;127;1;8
00179712;206419;да;17;30;1;12
00174078;206418;да;73;40;1;7
00129231;206414;да;69;51;1;20
00041462;206412;да;21;0;1;16
00041461;206411;да;276;213;1;15
00040523;206410;да;55;149;1;22
29064;206409;да;146;79;1;21
25573;206408;нет;0;0;1;0
00147032;206407;да;23;55;1;5
00198380;206406;нет;0;0;1;0
00198379;206405;да;48;0;1;3
00198378;206404;да;7;0;1;3
00198377;206403;да;45;24;1;3
00198376;206402;да;30;14;1;3
00178371;206401;да;17;0;1;7
00178297;206400;да;137;15;1;8
00198412;206398;нет;0;0;1;0
00192154;206397;нет;0;0;1;0
00185570;206396;да;200;90;1;5
00176314;206394;да;2;0;1;5
00173984;206392;да;17;10;1;3
00143250;206387;да;57;114;1;5
00195969;206384;да;56;0;1;6
00195968;206383;да;165;203;1;6
00188417;206382;да;0;1;1;1
00186855;206381;да;123;202;1;6
00179700;206379;да;200;134;1;7
00178331;206378;да;39;107;1;7
00120308;206376;да;0;1;1;10
00193290;206371;да;122;101;1;12
00193289;206370;да;40;126;1;12
00131699;206369;да;32;0;1;11
00091584;206368;нет;0;0;1;0
00201738;206366;да;50;38;1;8
00191202;206364;да;3;6;1;4
00191199;206363;да;92;63;1;4
00176312;206357;да;90;9;1;10
00176311;206356;да;9;9;1;10
00175905;206354;нет;0;0;1;0
00175903;206353;да;40;26;1;11
00175902;206352;да;37;12;1;11
00175900;206351;нет;0;0;1;0
00164775;206350;да;0;200;1;10
00087759;206349;нет;0;0;1;0
00171260;206346;да;4;2;1;5
00171259;206345;да;3;6;1;5
00167415;206344;да;3;3;1;8
00161640;206340;да;10;18;1;7
00188662;206333;да;0;1;1;9
00176696;206320;да;2;5;1;7
11665851;206311;да;1;3;1;4
11665844;206310;да;3;7;1;4
11665840;206309;да;6;3;1;4
11665827;206308;да;5;13;1;3
11607947;206306;да;2;9;1;7
11607639;206304;да;1;3;1;7
11595342;206301;да;4;1;1;8
11595212;206300;нет;0;0;1;0
11595202;206299;да;2;2;1;7
11665855;206296;да;3;7;1;3
11607919;206293;нет;0;0;1;0
11607592;206290;да;2;1;1;6
11595839;206289;да;2;3;1;8
00159456;206285;да;4;10;1;8
11607980;206282;да;3;4;1;4
11595207;206279;да;4;3;1;7
11595466;206274;нет;0;0;1;0
11595464;206273;да;1;0;1;10
00159663;206270;да;8;4;1;10
11608341;206264;нет;0;0;1;0
11595196;206260;да;1;1;1;10
11497394;206256;да;5;50;1;6
00188006;206255;да;12;22;1;6
11450137;206253;да;1;30;1;7
11595860;206242;да;3;5;1;6
11595857;206241;нет;0;0;1;0
11595405;206237;да;1;1;1;6
11595365;206236;нет;0;0;1;0
00183126;206235;да;6;6;1;8
00183125;206234;да;57;18;1;8
00183092;206222;да;6;0;1;8
00183088;206219;да;7;2;1;8
00183087;206218;да;9;9;1;8
00183086;206217;да;5;2;1;8
00183080;206211;да;44;6;1;8
00183079;206210;да;24;16;1;8
00178002;206207;да;1;2;1;11
00183149;206203;да;21;9;1;9
00183145;206200;да;2;0;1;9
00183143;206198;да;106;18;1;9
00183142;206197;да;22;3;1;10
00183141;206196;да;7;0;1;9
00183140;206195;да;7;0;1;9
00183137;206194;да;10;0;1;9
00183136;206193;да;9;6;1;9
00015119;206188;да;4;17;1;10
11631221;206187;да;10;21;1;11
00183105;206186;да;6;0;1;9
00183104;206185;нет;0;0;1;0
11104933;206180;да;4;0;1;7
00146233;206179;да;2;3;1;12
00049276;206176;да;1;4;1;8
11595318;206170;да;20;27;1;10
00156886;206164;да;0;20;1;15
00156885;206163;да;17;12;1;15
00152348;206162;да;10;11;1;15
00146141;206161;да;12;24;1;14
00146140;206160;да;4;3;1;15
00146139;206159;да;8;13;1;15
11597960;206158;да;0;5;1;9
11595187;206157;да;15;24;1;10
11595183;206155;да;13;6;1;10
11595182;206154;да;8;18;1;10
11595180;206153;да;2;4;1;10
00159134;206151;да;13;6;1;11
00159131;206149;да;34;31;1;11
00159129;206147;да;2;3;1;11
00159128;206146;да;0;1;1;11
00159126;206145;да;7;3;1;11
00199225;206143;нет;0;0;1;0
11597946;206142;нет;0;0;1;0
11595787;206141;да;3;4;1;10
11595775;206140;да;43;45;1;10
11595765;206139;да;36;45;1;10
11595742;206138;да;1;0;1;10
11595662;206137;да;3;6;1;10
11595646;206136;да;2;8;1;10
11595573;206135;да;4;5;1;10
00157402;206132;да;7;5;1;14
00146166;206131;да;20;0;1;14
00146165;206130;да;66;104;1;14
00002693;206127;да;7;41;1;14
00000050;206126;да;0;5;1;14
00000325;206124;да;29;33;1;14
00000322;206123;да;51;15;1;14
00000321;206122;да;5;8;1;13
00000318;206121;да;8;0;1;14
00192222;206119;да;0;1;1;3
11135960;206115;да;0;14;0;22
00064463;206112;да;0;20;1;24
00058763;206111;да;1;1;1;22
00019132;206109;да;0;11;1;24
27005;206108;да;0;170;1;24
00014795;206107;нет;0;0;1;0
00007504;206106;нет;0;0;1;0
00004470;206104;да;0;354;1;24
00184799;206102;да;14;10;1;8
00182822;206100;да;88;20;1;11
00182821;206099;да;285;5;1;13
00182820;206098;да;204;0;1;11
00182819;206097;да;189;4;1;10
00191017;206096;да;6;6;1;14
00191016;206095;да;8;4;1;14
00191015;206094;да;26;9;1;17
00191012;206093;да;5;0;1;13
00191011;206092;да;0;1;1;12
00191010;206091;да;6;6;1;12
00191009;206090;да;6;6;1;12
00191008;206089;да;12;11;1;13
00191007;206088;да;12;9;1;13
00191006;206087;да;7;5;1;13
00191005;206086;да;17;9;1;13
00191004;206085;да;6;6;1;13
00174116;206082;да;12;3;1;12
00174115;206081;нет;0;0;1;0
00169212;206079;да;12;6;1;13
00009100;206078;нет;0;0;1;0
00198725;206065;да;43;47;1;10
00127606;206064;да;0;1;1;4
11595667;206061;да;2;4;1;7
11116100;206037;да;0;1;1;8
00184114;206032;да;0;10;1;2
11228754;206031;да;2;0;1;5
00193776;206027;нет;0;0;1;0
00184893;206025;нет;0;0;1;0
00155110;206020;нет;0;0;1;0
00196803;206017;да;5;3;1;6
00203377;206010;да;19;19;1;9
00203376;206009;да;9;7;1;7
00202988;206008;да;3;10;1;8
00202985;206007;да;30;17;1;7
00202982;206006;нет;0;0;1;0
00192071;206002;да;0;26;1;6
00182592;206000;нет;0;0;1;0
11319681;205998;да;7;0;1;9
00161117;205997;да;0;1078;1;10
00150009;205996;да;252;656;1;12
00088005;205995;да;0;5;1;14
00088004;205994;да;0;830;1;13
00195879;205990;да;1;1;1;8
00193993;205988;да;5;5;1;8
00183944;205986;да;57;16;1;12
00173998;205985;да;13;3;1;11
00116110;205983;нет;0;0;1;0
00096357;205982;да;7;0;1;12
00201001;205981;да;16;0;1;7
00195943;205980;нет;0;0;1;0
00193316;205978;нет;0;0;1;0
00195787;205971;да;0;10;1;14
00195779;205970;нет;0;0;1;0
00193744;205968;нет;0;0;1;0
00193742;205966;да;2;0;1;15
00192070;205960;да;0;37;1;15
00192068;205959;да;0;2;1;15
00176677;205949;да;1;0;1;16
00176673;205948;нет;0;0;1;0
00102884;205933;нет;0;0;1;0
00102870;205927;да;3;0;1;17
00102842;205924;да;1;2;1;17
00009096;205905;нет;0;0;1;0
00139924;205895;да;86;494;1;8
00175290;205893;да;2;0;1;4
00029973;205892;да;1;2;1;5
00182180;205891;да;2;3;1;8
00006546;205890;да;14;1;1;9
00006237;205887;да;8;0;1;10
00006236;205886;да;7;0;1;10
00006235;205885;да;20;89;1;10
00200154;205884;да;24;7;1;5
00198668;205883;да;18;20;1;7
00198667;205882;да;20;20;1;6
00197888;205879;нет;0;0;1;0
00197876;205878;нет;0;0;1;0
00197872;205876;да;6;10;1;7
00183754;205872;нет;0;0;1;0
00183753;205871;нет;0;0;1;0
00183012;205870;да;44;17;1;9
00178344;205867;да;0;11;1;10
00178340;205863;да;4;0;1;8
00178339;205862;да;91;6;1;9
00178338;205861;да;163;63;1;9
00178240;205853;да;46;20;1;8
00177042;205851;да;1;1;1;5
00091626;205834;да;35;10;1;16
00120420;205833;да;57;21;1;13
00018189;205831;да;42;10;1;25
00007740;205830;да;4;2;1;14
00202994;205829;да;10;10;1;7
00202991;205828;да;13;0;1;6
00196557;205825;да;450;279;1;8
00183659;205821;да;28;23;1;8
00183658;205820;да;2;0;1;9
00181405;205818;да;0;2;1;17
00181404;205817;да;0;6;1;18
00181400;205815;да;2;5;1;17
00181398;205813;да;3;3;1;15
00180915;205810;да;16;7;1;19
11228086;205803;да;9;2;1;9
00202699;205795;да;1;0;1;11
00197052;205791;да;0;1;1;16
00178328;205777;да;0;3;1;18
00178326;205775;да;2;0;1;17
00178237;205772;нет;0;0;1;0
00177131;205771;нет;0;0;1;0
00176254;205768;нет;0;0;1;0
00123820;205767;нет;0;0;1;0
00198411;205760;да;10;11;1;10
00198410;205759;да;16;5;1;11
00198405;205755;да;10;3;1;15
00198404;205754;да;5;10;1;17
00191565;205753;да;6;4;1;16
00191564;205752;да;6;0;1;16
00191563;205751;да;7;0;1;16
00191562;205750;да;6;4;1;16
00191215;205749;да;6;2;1;16
00191214;205748;да;4;5;1;16
00178304;205728;да;2;0;1;15
00200940;205711;да;17;8;1;15
00200939;205710;да;19;9;1;16
00198998;205707;да;22;18;1;18
00198997;205706;нет;0;0;1;0
00193390;205700;да;16;8;1;13
00193388;205699;да;30;7;1;14
00192073;205697;да;8;5;1;15
00189560;205696;да;18;26;1;17
00189554;205694;да;20;9;1;15
00189551;205693;да;19;19;1;15
00187129;205692;да;7;4;1;16
00187128;205691;нет;0;0;1;0
00178293;205689;да;3;20;1;16
00178258;205688;да;15;1;1;17
00178206;205687;да;31;4;1;18
00174032;205685;да;230;104;1;14
00174031;205684;да;130;5;1;17
00169940;205672;да;1;1;1;19
00097047;205671;да;0;1;1;18
00116247;205668;нет;0;0;1;0
00116246;205667;да;1;1;1;19
00116243;205666;да;0;1;1;19
00116238;205663;нет;0;0;1;0
00116234;205662;нет;0;0;1;0
00116231;205659;да;1;0;1;19
00116224;205658;да;1;2;1;19
00201364;205657;да;0;2;1;5
00184262;205656;да;1;0;1;4
00167169;205655;да;133;114;1;5
00166371;205654;да;0;6;1;5
00166370;205653;да;185;41;1;5
11597844;205649;нет;0;0;1;0
00179561;205632;да;0;47;1;8
00179528;205630;нет;0;0;1;0
00179527;205629;да;3;15;1;9
00179525;205628;да;0;12;1;6
00178372;205627;нет;0;0;1;0
00176962;205626;нет;0;0;1;0
00175963;205621;да;135;188;1;9
00175866;205620;да;30;23;1;8
00070982;205619;да;50;113;1;7
00070904;205618;да;131;0;1;7
00010245;205617;да;0;724;1;8
00010244;205616;да;0;100;1;7
00127888;205609;да;1;0;1;12
00127887;205608;да;113;57;1;11
00110752;205605;да;74;0;1;10
00201179;205595;нет;0;0;1;0
00201178;205594;нет;0;0;1;0
00201175;205592;нет;0;0;1;0
00201174;205591;нет;0;0;1;0
00192742;205586;нет;0;0;1;0
00192741;205585;да;2;0;1;6
00192145;205584;да;103;77;1;5
00192142;205583;да;102;33;1;5
00182608;205582;да;13;11;1;5
00178818;205581;нет;0;0;1;0
00175895;205580;да;37;44;1;6
00175893;205579;да;7;0;1;7
00168825;205578;да;150;171;1;6
00168824;205577;да;130;2;1;6
00168823;205576;да;10;0;1;6
00153267;205574;нет;0;0;1;0
00153265;205573;да;0;91;1;6
00153263;205572;да;140;300;1;7
00110750;205570;нет;0;0;1;0
00110748;205569;да;36;6;1;10
00104204;205566;да;55;60;1;7
00090107;205564;да;0;138;1;10
00056542;205563;да;46;95;1;9
00018180;205560;да;60;117;1;11
29515;205558;да;0;219;1;10
27878;205557;да;366;489;1;12
00016751;205556;да;143;177;1;10
00016491;205555;да;69;34;1;9
00011642;205553;да;13;0;1;11
00000047;205552;да;19;0;1;10
00202696;205551;да;0;1;1;20
00202694;205550;нет;0;0;0;0
00202692;205549;нет;0;0;0;0
00202690;205548;нет;0;0;1;0
00202147;205547;нет;0;0;1;0
00196008;205543;нет;0;0;1;0
00196007;205542;нет;0;0;1;0
00175863;205538;да;7;5;1;17
00175862;205537;да;0;1;1;17
00175858;205533;да;6;6;1;17
00175857;205532;нет;0;0;1;0
00178812;205484;да;10;31;1;3
00178811;205483;да;10;42;1;3
00129408;205482;да;8;12;1;6
00202191;205481;да;0;5;1;4
00188850;205476;да;1;0;1;5
00187595;205475;да;9;9;1;6
00185584;205473;да;0;4;1;5
00183943;205472;да;26;5;1;9
00182902;205467;да;2;4;1;13
00182901;205466;да;1;1;1;15
00182900;205465;да;2;3;1;15
00182897;205464;нет;0;0;1;0
00182894;205463;да;2;3;1;13
00182891;205462;да;1;2;1;12
00180400;205459;да;11;5;1;8
00179355;205458;да;21;10;1;8
00179294;205457;да;0;5;1;6
00173448;205435;нет;0;0;1;0
00173441;205434;да;9;0;1;12
00173432;205430;да;13;22;1;11
00141772;205407;да;6;4;1;9
00141770;205405;да;4;3;1;10
00141769;205404;да;7;4;1;7
00127881;205403;да;4;5;1;5
00055608;205401;да;5;80;1;11
00001690;205400;да;42;149;1;8
00193990;205397;да;0;1;1;13
11402058;205388;нет;0;0;1;0
11402056;205387;да;2;3;1;8
11395542;205386;да;0;1;1;13
00066660;205383;да;2;0;1;23
00075791;205380;да;33;32;1;25
00026366;205379;да;3;5;1;22
00006255;205377;да;6;6;1;25
00002415;205376;да;5;5;1;25
00003911;205375;да;27;11;1;26
11648126;205356;нет;0;0;1;0
11648125;205355;да;0;1;1;21
11647889;205354;нет;0;0;1;0
11647858;205353;да;0;5;1;23
11647798;205352;нет;0;0;1;0
11647602;205351;да;1;2;1;21
11647598;205350;да;4;0;1;22
11647352;205349;нет;0;0;1;0
11647182;205346;да;5;0;1;20
00175219;205341;нет;0;0;1;0
00093853;205330;нет;0;0;1;0
00093851;205329;нет;0;0;1;0
00093849;205328;нет;0;0;1;0
00091640;205327;да;5;5;1;27
00087091;205325;да;1;0;1;27
00087090;205324;нет;0;0;1;0
00087088;205322;да;1;1;1;27
00080536;205320;да;1;0;1;26
00080535;205319;нет;0;0;1;0
00080534;205318;нет;0;0;1;0
00080533;205317;да;2;0;1;24
00080528;205316;нет;0;0;1;0
00080526;205315;да;1;3;1;26
00009952;205314;нет;0;0;1;0
11659432;205313;да;3;8;1;20
11649867;205311;нет;0;0;1;0
11649854;205310;да;1;1;1;22
11649842;205309;да;1;6;1;22
11649835;205308;да;1;4;1;22
11649834;205307;нет;0;0;1;0
11649833;205306;да;4;1;1;22
11649830;205305;да;3;5;1;22
11614854;205304;да;12;2;1;25
00103975;205268;да;0;91;1;22
00102974;205265;да;7;6;1;22
00120170;205264;нет;0;0;1;0
00120164;205263;да;1;0;1;27
00110260;205262;нет;0;0;1;0
00093897;205261;нет;0;0;1;0
00093895;205260;нет;0;0;1;0
00087146;205259;да;1;0;1;26
00087145;205258;нет;0;0;1;0
00087143;205257;да;3;5;1;26
00087142;205256;нет;0;0;1;0
00087141;205255;да;1;0;1;26
00087139;205254;нет;0;0;1;0
00087140;205253;нет;0;0;1;0
00087134;205252;нет;0;0;1;0
00087132;205251;да;4;0;1;27
00087131;205250;нет;0;0;1;0
00080582;205249;нет;0;0;1;0
11659434;205248;нет;0;0;1;0
11659433;205247;нет;0;0;1;0
11649754;205246;да;3;1;1;22
11649740;205245;нет;0;0;1;0
11649739;205244;нет;0;0;1;0
00120161;205232;да;2;0;1;24
00096030;205231;нет;0;0;1;0
00080575;205230;нет;0;0;1;0
00080572;205229;да;1;0;1;24
00080570;205228;нет;0;0;1;0
00080555;205227;нет;0;0;1;0
00048118;205226;нет;0;0;1;0
11659430;205225;нет;0;0;1;0
11659429;205224;нет;0;0;1;0
11659428;205223;нет;0;0;1;0
11648785;205218;нет;0;0;1;0
11648783;205217;нет;0;0;1;0
11648782;205216;нет;0;0;1;0
11648737;205215;нет;0;0;1;0
11648734;205214;нет;0;0;1;0
11648727;205213;нет;0;0;1;0
11648726;205212;да;3;0;1;22
11648710;205211;нет;0;0;1;0
11648708;205210;нет;0;0;1;0
11648702;205209;да;1;0;1;22
11648664;205208;да;2;0;1;22
11648635;205207;нет;0;0;1;0
11648631;205206;нет;0;0;1;0
11648621;205205;да;15;0;1;22
11648619;205204;нет;0;0;1;0
11648617;205203;нет;0;0;1;0
11648566;205199;да;3;0;1;22
11648565;205198;да;2;0;1;20
11648560;205197;нет;0;0;1;0
11648555;205196;нет;0;0;1;0
00199624;205194;нет;0;0;1;0
00097252;205132;да;17;16;1;23
00160032;205128;да;0;1;1;19
00101224;205127;нет;0;0;1;0
00110283;205126;нет;0;0;1;0
00110248;205125;да;4;4;1;26
00110247;205124;нет;0;0;1;0
00093899;205123;нет;0;0;1;0
00093847;205122;нет;0;0;1;0
00093845;205121;нет;0;0;1;0
00088277;205120;да;1;0;1;26
00088276;205119;нет;0;0;1;0
00088275;205118;да;3;3;1;28
00087178;205117;нет;0;0;1;0
00087082;205115;нет;0;0;1;0
00087080;205114;нет;0;0;1;0
00087079;205113;да;0;10;1;27
00087078;205112;да;4;0;1;26
00087075;205111;да;1;0;1;27
00087072;205110;да;4;0;1;27
00087070;205109;да;2;1;1;28
00074097;205107;нет;0;0;1;0
00073801;205106;нет;0;0;1;0
00073763;205105;нет;0;0;1;0
00073633;205104;да;1;0;1;26
00007193;205103;да;2;0;1;25
11659426;205102;нет;0;0;1;0
11659425;205101;да;2;0;1;23
11649258;205100;нет;0;0;1;0
11649256;205099;нет;0;0;1;0
11649254;205098;нет;0;0;1;0
11649242;205097;да;4;3;1;23
11649241;205096;да;6;3;1;23
11649238;205095;нет;0;0;1;0
11649163;205094;да;1;1;1;24
11649161;205093;да;15;4;1;24
11649159;205092;нет;0;0;1;0
11649155;205091;да;11;2;1;24
11649135;205090;нет;0;0;1;0
11649120;205088;да;0;1;1;24
00199626;205087;да;2;0;1;23
00199622;205084;нет;0;0;1;0
11614892;205083;нет;0;0;1;0
11614888;205080;нет;0;0;1;0
11614887;205079;нет;0;0;1;0
11614886;205078;да;4;6;1;22
11614885;205077;да;4;6;1;22
11614882;205076;нет;0;0;1;0
11614881;205075;нет;0;0;1;0
11614878;205072;да;1;0;1;26
11614841;205066;да;1;3;1;26
00196890;205059;да;1;1;1;20
00194649;205058;нет;0;0;1;0
00193728;205057;нет;0;0;1;0
00192559;205056;нет;0;0;1;0
00187713;205055;нет;0;0;1;0
00181280;205053;нет;0;0;1;0
11399018;205052;да;0;1;1;23
11394841;205051;да;2;2;1;25
00176917;205049;да;5;8;1;25
11357136;205048;да;0;1;1;24
00174701;205037;да;1;2;1;25
00174144;205036;да;0;1;1;25
11325818;205035;да;0;3;1;19
00169298;205022;да;0;1;1;24
11277379;205017;да;2;1;1;23
11275669;205016;да;0;2;1;22
11230998;205015;да;3;7;1;25
11166543;205014;нет;0;0;1;0
00157755;205013;да;0;3;1;19
00157753;205012;да;0;2;1;22
00150710;205011;да;1;0;1;23
00112391;205008;да;0;1;1;23
00110256;205007;да;0;10;1;25
00093892;205004;да;2;0;1;26
00093891;205003;да;1;0;1;26
00093889;205002;нет;0;0;1;0
00093887;205001;нет;0;0;1;0
00093886;205000;да;6;2;1;29
00093885;204999;нет;0;0;1;0
00087104;204997;да;3;0;1;26
00080548;204995;да;1;0;1;25
00078033;204994;да;1;2;1;24
00073972;204993;да;2;0;1;26
00048126;204991;да;3;0;1;25
00035343;204990;да;0;1;1;27
00002516;204989;нет;0;0;1;0
00184219;204988;да;237;46;1;6
00202958;204986;да;54;16;1;9
00202955;204985;да;66;22;1;9
00202089;204984;да;0;8;1;8
00202088;204983;да;10;2;1;8
00201684;204982;да;40;19;1;7
00200121;204977;да;5;6;1;5
00197673;204971;да;41;41;1;9
00196086;204964;да;39;18;1;7
00193773;204963;да;9;1;1;8
00178320;204958;да;25;20;1;9
00178318;204956;да;13;0;1;11
00160103;204954;да;80;77;1;7
00160102;204953;да;97;64;1;7
00017434;204947;да;14;0;1;12
00006302;204945;да;488;367;1;16
00002464;204944;да;215;138;1;14
00202420;204943;да;2;5;1;10
00202351;204942;да;2;5;1;10
00202350;204941;да;0;5;1;9
00202349;204940;да;2;6;1;10
00202348;204939;да;0;3;1;10
00201881;204938;да;0;218;1;6
00200998;204937;нет;0;0;1;0
00200772;204936;да;0;8;1;9
00200411;204935;да;68;69;1;6
00200042;204931;да;0;11;1;8
00195413;204926;да;0;35;1;12
00195404;204925;да;3;15;1;12
00195402;204924;да;0;34;1;12
00195401;204923;да;6;38;1;12
00195399;204922;да;0;37;1;12
00195398;204921;да;0;29;1;12
00195396;204920;да;11;10;1;12
00195394;204919;да;52;50;1;12
00195392;204918;да;39;45;1;12
00195391;204917;да;35;50;1;12
00195389;204916;да;5;29;1;12
00195388;204915;да;9;36;1;12
00195386;204914;да;0;43;1;12
00195385;204913;да;0;3;1;12
00195383;204912;да;10;5;1;12
00195381;204911;да;30;24;1;12
00195380;204910;да;41;45;1;12
00195378;204909;да;42;43;1;12
00195377;204908;да;30;45;1;12
00193734;204907;да;30;20;1;12
00187546;204906;да;30;46;1;13
00185172;204905;да;40;22;1;9
00185171;204904;нет;0;0;1;0
00185170;204903;да;35;18;1;9
00185169;204902;да;15;15;1;10
00185168;204901;да;35;8;1;10
00185167;204900;да;32;24;1;10
00182600;204898;да;60;39;1;9
00182599;204897;да;68;9;1;9
00004095;204896;да;30;40;1;13
00004083;204895;да;85;40;1;14
00004078;204894;да;95;95;1;14
11252399;204893;да;20;40;1;14
00165722;204892;нет;0;0;1;0
00163247;204891;да;0;435;1;8
00140402;204890;да;74;40;1;10
00140401;204889;да;44;30;1;8
00139046;204888;да;0;296;1;9
00110733;204887;да;0;996;1;13
00108921;204886;да;449;2386;1;14
00073642;204885;да;70;59;1;15
00056732;204884;да;75;76;1;16
00056731;204883;да;124;283;1;16
00006285;204882;да;50;55;1;15
00002467;204881;да;470;326;1;15
00002466;204880;да;58;52;1;15
00193758;204878;да;46;16;1;6
00184807;204877;да;0;9;1;8
00182872;204876;нет;0;0;1;0
00129668;204875;нет;0;0;1;0
00091988;204873;да;22;6;1;16
00120305;204872;нет;0;0;1;0
00120304;204871;нет;0;0;1;0
00188395;204865;да;6;5;1;18
00202061;204839;да;58;30;1;5
00201687;204838;да;41;31;1;6
00195998;204821;да;10;16;1;7
00192404;204813;да;0;230;1;7
00178820;204808;нет;0;0;1;0
00006278;204796;да;500;285;1;16
00198098;204794;да;0;7;1;6
00181419;204786;да;0;2;1;7
00180920;204784;да;4;0;1;10
00160948;204782;да;1;0;1;6
00160947;204781;нет;0;0;1;0
00123766;204780;да;4;3;1;10
00120273;204779;нет;0;0;1;0
00120272;204778;нет;0;0;1;0
00189537;204777;нет;0;0;1;0
00189534;204776;да;86;40;1;12
00189533;204775;да;63;26;1;12
00183954;204774;да;0;25;1;13
00006176;204768;да;5;8;1;12
00006171;204763;да;2;0;1;12
00006161;204754;да;64;38;1;13
00006160;204753;да;9;10;1;12
00006159;204752;да;33;21;1;12
00006158;204751;да;0;7;1;12
00006156;204750;да;102;2;1;12
00006155;204749;да;9;6;1;12
00199787;105612;да;10;9;1;20
